"","ID","Description","GeneRatio","BgRatio","RichFactor","FoldEnrichment","zScore","pvalue","p.adjust","qvalue","geneID","Count"
"R-HSA-15869","R-HSA-15869","Metabolism of nucleotides","90/7686","99/11214",0.909090909090909,1.32637853949329,4.81427917956868,1.02400937735489e-07,0.000170395160391854,0.000146487236192137,"RRM2/PAICS/PPAT/ENTPD8/XDH/NME1/TK1/ATIC/AK4/GART/NME4/DTYMK/SAMHD1/CAD/TYMS/ENTPD7/ADSS1/HPRT1/ENTPD2/NT5E/ENTPD6/ADSS2/CDA/NME2/NUDT1/ADSL/GDA/RRM1/AK2/PFAS/GMPS/AMPD3/CTPS2/CTPS1/DCTPP1/AMPD2/ENTPD5/TXNRD1/AK1/ITPA/AK7/DGUOK/UCK2/NT5C3A/ENTPD4/DNPH1/UCKL1/GSR/ADA/IMPDH2/NT5C1A/NUDT9/APRT/TXN/UMPS/TYMP/NUDT5/NT5M/AK8/NT5C/NT5C1B/GLRX/GMPR/ADK/NT5C2/UPP1/TK2/NME3/NUDT13/RRM2B/GUK1/DPYD/ENTPD1/UPB1/NUDT16/ADPRM/IMPDH1/NUDT18/AK9/DCTD/AK5/DPYS/UPP2/UCK1/CMPK1/ENTPD3/DHODH/DCK/PNP/AMPD1",90
"R-HSA-69620","R-HSA-69620","Cell Cycle Checkpoints","228/7686","279/11214",0.817204301075269,1.19231447206064,4.80121868833381,3.57162579299568e-07,0.000297159265977241,0.000255465234351639,"CDC25C/CENPF/CDC20/ERCC6L/UBE2C/NUF2/KIF2C/CDC6/BUB1B/EXO1/ORC6/PLK1/BIRC5/CDCA8/MCM10/CCNB1/GTSE1/CENPA/CCNB2/SGO1/AURKB/CDC45/NDC80/ZWINT/RMI2/BRIP1/PKMYT1/CCNA2/CHEK1/CENPI/SPC24/KNL1/CCNE1/KNTC1/CLSPN/ORC1/H2BC5/SKA1/MCM4/DNA2/BUB1/CENPE/CENPU/MAD2L1/BLM/CDK1/CENPK/SPC25/CDC25A/H2BC9/RFC4/H2BC6/CENPL/CDKN2A/MCM6/H2BC8/SPDL1/MCM2/CCNE2/H2BC7/NUP85/CHEK2/DBF4/RHNO1/CENPH/SGO2/H4C5/RCC2/CENPM/ZWILCH/BARD1/H2BC15/H2AX/PPP2CB/MCM8/UBE2S/BRCA1/H4C8/H2BC17/INCENP/DSN1/XPO1/H2BC4/RMI1/CENPO/H4C14/MCM7/KIF18A/H4C12/NUP43/BRCC3/BUB3/RFC5/NDE1/CDC7/YWHAZ/ORC5/H4C9/SEM1/NSD2/H2BC11/MCM3/CKAP5/PSMD11/PSMB4/NDEL1/PSMD14/H4C3/PAFAH1B1/ORC2/H2BC12/H2BC13/H4C4/H2BC14/TOPBP1/RFC2/PSMC4/CENPN/PPP2R5A/PSMA6/RFC3/NUP107/H4C11/CDKN1A/PSMB3/KIF2A/RAD9A/AHCTF1/RPA3/ANAPC1/PSMA5/PSMB2/PSMD3/H4C16/ANAPC11/PSMB5/CLASP2/SEC13/ATR/PSMC6/NUP37/RANGAP1/PSMD12/CENPS/H2BC21/KAT5/MCM5/PSMA1/PSMD1/HUS1/MRE11/ZW10/PSMD2/YWHAG/ITGB3BP/DYNC1LI1/PSMD7/PSMA2/RBBP8/ADRM1/PPP2R5B/PSMC5/ANAPC5/CENPP/CDK2/SFN/NUP133/COP1/ANAPC16/RAD1/B9D2/PPP2R1B/PSMA3/UBE2V2/TP53/PSMC2/SEH1L/TOP3A/PMF1/UBB/ORC4/UBE2D1/MDC1/CCNA1/PSMD13/DYNC1I1/SKA2/PPP2R5E/MDM4/PSMB7/YWHAB/PSMA7/YWHAQ/TP53BP1/NSL1/RAD17/PSMA4/RAD50/CENPQ/PSMD8/DYNC1LI2/PPP1CC/RPA2/NUP160/CENPT/CLASP1/ANAPC4/PSMC3/H2BC26/UBC/MAD1L1/NUDC/YWHAH/BABAM1/CDC27/WEE1/CDC23/PSMC1/PPP2R5D/ATRIP/PPP2R5C/ANAPC10/RPS27/CDKN1B/ATM/PSMB6/RPS27A/ANAPC15",228
"R-HSA-9012999","R-HSA-9012999","RHO GTPase cycle","351/7686","448/11214",0.783482142857143,1.14311329039813,4.56287529080061,1.635861783859e-06,0.000666811282273407,0.000573251855142688,"IQGAP3/KIF14/ANLN/ARHGEF39/DEPDC1B/FGD5/STARD8/ARHGEF15/STARD13/ARHGEF26/CAV1/ARHGAP6/SPTBN1/RHOJ/CAVIN1/ARHGAP31/ECT2/PEAK1/ARHGEF16/MUC13/LMNB1/FERMT2/BAIAP2L2/OSBPL11/ARHGAP11A/PAK1/ARAP3/RHOV/ARL13B/GFOD1/DLC1/NGEF/RAC3/MSI2/DOCK4/WASF3/SHMT2/ARHGEF6/HSPE1/NCF2/RHPN1/ARHGAP24/ARHGEF3/DSP/EMC3/PDE5A/STOM/NET1/SPTAN1/KCTD13/BAIAP2L1/ARHGAP18/ARHGEF19/RACGAP1/ARHGAP44/PREX1/NHS/RTKN/DLG5/PLEKHG6/CKAP4/DSG2/PREX2/FGD3/VAMP3/MTX1/FILIP1/RAPGEF1/TNFAIP1/CCT6A/GARRE1/PIK3R1/STIP1/ARHGAP30/CPD/VIM/ARHGAP11B/DBN1/FAM83B/DOCK11/PAK6/ARAP2/NCKAP1L/CIT/ARHGAP29/YKT6/TWF1/UACA/ARHGAP25/TMOD3/BASP1/ARHGAP23/AKAP13/RHOA/WASF1/SCRIB/DIAPH2/NOXA1/NOX1/ARAP1/CLTC/HNRNPC/TEX2/PARD6B/ZNF512B/HGS/NCF1/DOCK8/STK10/WWP2/GRB7/CYBB/HSP90AB1/DOCK6/WASF2/RHOD/GOLGA3/FAM13B/ARHGAP39/ARHGAP33/TMPO/PCDH7/RHPN2/DOCK3/DOCK9/MCF2/DDX4/ABI2/SYDE1/GJA1/LMAN1/PLEKHG4/LBR/VANGL1/TFRC/JUP/OCRL/STK38/FGD4/ARHGEF17/PTK2B/MOSPD2/SPATA13/SWAP70/CCT7/MYO9A/FMNL3/GPS1/FAM91A1/ANKFY1/CCT2/SLC4A7/DOCK2/PLEKHG2/FGD2/STEAP3/FNBP1/PAK3/RBMX/TRIO/WAS/FAM169A/PIK3R3/ESYT1/MCAM/SLC1A5/AAAS/SYDE2/FGD1/DNMBP/ARHGAP17/FAF2/KIDINS220/TOR1AIP1/DDX39B/SRC/C1QBP/ARHGEF2/SENP1/SCFD1/ARHGAP35/LETM1/NISCH/DST/RHOG/ARHGAP32/ARHGEF40/DEF6/PIK3R2/ARHGAP12/RASAL2/TMEM87A/SNAP23/NCF4/RHOB/STMN2/PLEKHG1/CHN1/CFTR/MTMR1/ANKLE2/TPM4/ROCK1/TAGAP/VMA22/RHOQ/VAV2/RHOBTB2/PAK5/GRB2/RND2/PLEKHG3/FAM13A/TIAM1/TAOK3/NCKAP1/RNF20/AKAP12/ARHGAP26/PLEKHG5/SLITRK5/RND1/MAP3K11/MACO1/ARHGAP21/STAM/WHAMM/ABR/RAB7A/SOWAHC/ARHGAP8/PTPN13/ITSN2/PKN3/DIAPH1/ARFGAP3/WIPF3/ARHGAP19/AMIGO2/BCR/WDR81/CDC42BPA/IQGAP2/CCDC187/ARHGAP15/MYO6/PKN1/ARHGEF18/CPSF7/RAC2/ACTG1/DOCK7/FRS3/IQGAP1/SH3PXD2A/BLTP3B/CDC42EP4/DSG1/SRGAP2/ARHGAP1/HINT2/SLK/MCF2L/ANKRD26/ARHGDIG/CYFIP1/ARHGEF25/BAIAP2/CDC42SE2/FARP2/SOS2/ARHGEF12/BCAP31/ABL2/NDUFS3/CCDC88A/FNBP1L/ARHGEF28/ARFGAP2/CDC42BPB/CEP97/SLITRK3/ARHGAP22/PLXND1/STAM2/GIT1/RHOBTB1/PKP4/MYO9B/NIPSNAP2/CDC42/RND3/FMNL1/DOCK5/VRK2/HSP90AA1/BRK1/CHN2/RAC1/NUDC/TPM3/RHOH/UBXN11/DAAM1/LRRC1/VANGL2/ERBIN/ARHGAP10/PRAG1/ARHGDIB/ACTC1/RHOC/PLD1/COPS4/JAG1/RRAS2/WIPF1/VCP/SPEN/ROCK2/FLOT1/GOLGA8R/WASL/SRGAP1/ARHGAP42/DIAPH3/USP9X/KALRN/CYFIP2/ATP6AP1/ARHGEF7/SHKBP1/PIK3CA/GNA13/ARHGDIA/PLXNB1/ARHGEF4/SH3RF1/HMOX2/ARHGEF10/TIAM2/CDC42EP5/GMIP/RALGAPA1/RASGRF2/CDC42EP3/ARHGEF9/NSFL1C/SRRM1/LAMTOR1/CCP110",351
"R-HSA-69242","R-HSA-69242","S Phase","127/7686","149/11214",0.852348993288591,1.24359115414237,4.41800040253078,2.02264940589981e-06,0.000666811282273407,0.000573251855142688,"UBE2C/CDC6/ORC6/GINS1/CDC45/CDCA5/CCNA2/GINS2/CCNE1/ORC1/CDT1/MCM4/DNA2/ESCO2/POLE2/GINS4/CDC25A/RFC4/FEN1/MCM6/MCM2/CCNE2/CKS1B/GMNN/MCM8/UBE2S/E2F5/PRIM2/MCM7/PCNA/LIG1/RFC5/E2F1/SKP2/PTK6/ORC5/SEM1/POLE/MCM3/PSMD11/PSMB4/PSMD14/ORC2/RFC2/PSMC4/GINS3/POLD2/PSMA6/RFC3/POLA2/CDKN1A/PSMB3/CDK7/CDK4/RPA3/MNAT1/ANAPC1/PSMA5/PSMB2/PSMD3/LIN9/TFDP1/ANAPC11/PSMB5/PSMC6/AKT3/PRIM1/CABLES1/PSMD12/RBBP4/MCM5/PSMA1/PSMD1/PSMD2/PSMD7/PSMA2/ESCO1/PDS5B/POLD1/ADRM1/PSMC5/ANAPC5/LIN37/CDK2/RBL2/E2F4/ANAPC16/LIN54/PSMA3/PSMC2/WAPL/POLE3/UBB/RB1/PDS5A/ORC4/UBE2D1/CCNA1/PSMD13/CDC25B/PSMB7/PSMA7/PSMA4/PSMD8/POLA1/RAD21/RPA2/POLD4/GSK3B/FZR1/ANAPC4/PSMC3/UBC/SMC3/AKT2/CDC27/WEE1/CDC23/PSMC1/SMC1A/RFC1/ANAPC10/CDKN1B/MYC/PSMB6/RPS27A/ANAPC15",127
"R-HSA-68886","R-HSA-68886","M Phase","318/7686","404/11214",0.787128712871287,1.1484336958286,4.48494528871137,2.36378432211043e-06,0.000666811282273407,0.000573251855142688,"NEK2/CENPF/CDC20/ERCC6L/UBE2C/NUF2/KIF2C/BUB1B/KIF20A/PLK1/BIRC5/CDCA8/CCNB1/CENPA/TUBB3/CCNB2/SGO1/AURKB/NDC80/ZWINT/NCAPG/NCAPH/RCC1/ESPL1/CDCA5/CENPI/SPC24/KNL1/KNTC1/H2BC5/SKA1/FIRRM/BUB1/CENPE/CENPU/KIF23/MAD2L1/CDK1/PTTG1/CENPK/SPC25/PLK4/TUBB1/LMNB1/NCAPG2/H2BC9/H2BC6/CENPL/H2BC8/SPDL1/TUBB2B/H2BC7/NUP85/NUP155/H3C10/H2AC8/CENPH/SGO2/H4C5/H3C12/RCC2/CENPM/GORASP2/ZWILCH/H2BC15/H3C2/CEP72/H2AX/PPP2CB/UBE2S/H4C8/H3C3/H2BC17/TUBG1/INCENP/DSN1/XPO1/H2BC4/CENPO/H4C14/H3C8/NDC1/MZT2A/KIF18A/H4C12/H2AC14/NEK7/NUP43/BUB3/NDE1/NCAPD3/H4C9/SEM1/TUBB6/KPNB1/CHMP3/H2BC11/CKAP5/PSMD11/PSMB4/NDEL1/RAE1/TUBB8/NEK6/PSMD14/GORASP1/H4C3/PAFAH1B1/NCAPD2/H2BC12/NUP210/CHMP4C/H2BC13/H4C4/H2BC14/PSMC4/CENPN/TUBA1A/H2AC20/NUP62/H3C6/TUBA1C/NUP42/PPP2R5A/HAUS5/PSMA6/MASTL/TUBB4A/NUP107/FBXO5/H4C11/TMPO/PSMB3/TUBA4A/KIF2A/CEP131/HAUS8/NUP205/NUP88/H2AC6/AHCTF1/H3C1/CEP250/ANAPC1/PSMA5/PSMB2/PSMD3/NUP35/TUBA3D/TUBB2A/H4C16/LBR/ANAPC11/PSMB5/CLASP2/SEC13/PSMC6/LPIN3/CEP76/NUP37/RNF103-CHMP3/CPAP/RANGAP1/PSMD12/TUBB/CENPS/H2BC21/MZT2B/SMC4/PSMA1/CSNK2B/RAN/PSMD1/VRK1/H3C13/TUBAL3/HDAC8/ZW10/PSMD2/HAUS3/YWHAG/ITGB3BP/CHMP4B/PRKACA/AAAS/ARPP19/LEMD2/DYNC1LI1/CEP152/PSMD7/BLZF1/PSMA2/CSNK2A1/PDS5B/PHF8/ADRM1/H3-3A/PPP2R5B/GOLGA2/PSMC5/CEP41/ANAPC5/SMC2/SPAST/HAUS2/DCTN1/CENPP/TPR/NUP133/BANF1/ACTR1A/H3C14/MAPK3/ODF2/HAUS6/ANAPC16/SUMO1/B9D2/NUP93/PPP2R1B/PSMA3/ANKLE2/RAB1A/LMNA/PRKCB/PSMC2/CSNK1E/SEH1L/WAPL/TUBA8/PMF1/UBB/EML4/RB1/TNPO1/OFD1/PDS5A/HAUS4/TUBGCP5/UBE2D1/PSMD13/DYNC1I1/SET/MZT1/SKA2/PPP2R5E/DCTN3/H3-3B/USO1/PSMB7/NUP50/SFI1/CEP70/PSMA7/CEP43/NSL1/UBE2I/PSMA4/SIRT2/RAB2A/CEP192/CENPQ/PSMD8/DYNC1LI2/PPP1CC/RAD21/CEP78/NEDD1/NUP160/HAUS7/CENPT/ENSA/MAPK1/NEK9/CEP135/CHMP4A/CSNK1D/CLASP1/TUBGCP4/ANAPC4/PSMC3/H2BC26/VRK2/HSP90AA1/UBC/SDCCAG8/MAD1L1/NUDC/NUP54/SMC3/PPP2R2D/NME7/NINL/NUP58/CDC27/NIPBL/RAB1B/CDC23/PSMC1/PPP2R5D/NUP188/CEP57/DCTN2/CEP164/SMC1A/PCNT/PRKCA/PPP2R5C/ANAPC10/RPS27/HAUS1/TUBGCP6/LPIN2/CNTRL/PSMB6/RPS27A/ANAPC15/CCP110",318
"R-HSA-453279","R-HSA-453279","Mitotic G1 phase and G1/S transition","119/7686","139/11214",0.856115107913669,1.24908597711994,4.3614572922667,2.62949610493046e-06,0.000666811282273407,0.000573251855142688,"TOP2A/CDC6/ORC6/MCM10/RRM2/CCNB1/CDC45/MYBL2/CCNA2/CCNE1/ORC1/CDT1/MCM4/TK1/POLE2/CDK1/E2F2/E2F3/CDC25A/CDKN2A/MCM6/MCM2/CCNE2/CKS1B/DBF4/GMNN/PPP2CB/MCM8/E2F5/PRIM2/TYMS/MCM7/HDAC1/PCNA/E2F1/SKP2/CDC7/PTK6/ORC5/SEM1/POLE/MCM3/DHFR/PSMD11/PSMB4/PSMD14/ORC2/PPP2R3B/RBL1/CCND2/PSMC4/CDKN2B/PSMA6/FBXO5/POLA2/CDKN1A/PSMB3/CDK7/CDK4/RPA3/MNAT1/CDKN1C/PSMA5/PSMB2/PSMD3/LIN9/TFDP1/PSMB5/PSMC6/AKT3/PRIM1/JAK2/CABLES1/PSMD12/RBBP4/MCM5/PSMA1/PSMD1/E2F6/PSMD2/CDKN2C/PSMD7/PSMA2/ADRM1/SRC/PSMC5/LIN37/CDK2/CCND3/RBL2/E2F4/LIN54/PPP2R1B/PSMA3/PSMC2/POLE3/UBB/RB1/ORC4/CCNA1/PSMD13/PSMB7/PSMA7/PSMA4/PSMD8/POLA1/RPA2/CDKN2D/PSMC3/UBC/AKT2/LYN/DYRK1A/WEE1/PSMC1/CDKN1B/MYC/PSMB6/RPS27A",119
"R-HSA-2555396","R-HSA-2555396","Mitotic Metaphase and Anaphase","183/7686","223/11214",0.820627802690583,1.19730941704036,4.39266874466085,2.98683910152189e-06,0.000666811282273407,0.000573251855142688,"CENPF/CDC20/ERCC6L/UBE2C/NUF2/KIF2C/BUB1B/PLK1/BIRC5/CDCA8/CCNB1/CENPA/TUBB3/CCNB2/SGO1/AURKB/NDC80/ZWINT/RCC1/ESPL1/CDCA5/CENPI/SPC24/KNL1/KNTC1/SKA1/BUB1/CENPE/CENPU/MAD2L1/CDK1/PTTG1/CENPK/SPC25/TUBB1/LMNB1/CENPL/SPDL1/TUBB2B/NUP85/NUP155/CENPH/SGO2/RCC2/CENPM/ZWILCH/PPP2CB/UBE2S/INCENP/DSN1/XPO1/CENPO/NDC1/KIF18A/NUP43/BUB3/NDE1/SEM1/TUBB6/KPNB1/CHMP3/CKAP5/PSMD11/PSMB4/NDEL1/TUBB8/PSMD14/PAFAH1B1/CHMP4C/PSMC4/CENPN/TUBA1A/NUP62/TUBA1C/PPP2R5A/PSMA6/TUBB4A/NUP107/FBXO5/TMPO/PSMB3/TUBA4A/KIF2A/NUP205/AHCTF1/ANAPC1/PSMA5/PSMB2/PSMD3/NUP35/TUBA3D/TUBB2A/LBR/ANAPC11/PSMB5/CLASP2/SEC13/PSMC6/NUP37/RNF103-CHMP3/RANGAP1/PSMD12/CENPS/PSMA1/RAN/PSMD1/VRK1/TUBAL3/HDAC8/ZW10/PSMD2/ITGB3BP/CHMP4B/LEMD2/DYNC1LI1/PSMD7/PSMA2/PDS5B/ADRM1/PPP2R5B/PSMC5/ANAPC5/SPAST/CENPP/NUP133/BANF1/ANAPC16/SUMO1/B9D2/NUP93/PPP2R1B/PSMA3/ANKLE2/LMNA/PSMC2/SEH1L/WAPL/TUBA8/PMF1/UBB/TNPO1/PDS5A/UBE2D1/PSMD13/DYNC1I1/SKA2/PPP2R5E/PSMB7/PSMA7/NSL1/UBE2I/PSMA4/SIRT2/CENPQ/PSMD8/DYNC1LI2/PPP1CC/RAD21/NUP160/CENPT/CHMP4A/CLASP1/ANAPC4/PSMC3/VRK2/UBC/MAD1L1/NUDC/NUP54/SMC3/NUP58/CDC27/CDC23/PSMC1/PPP2R5D/NUP188/SMC1A/PPP2R5C/ANAPC10/RPS27/PSMB6/RPS27A/ANAPC15",183
"R-HSA-2467813","R-HSA-2467813","Separation of Sister Chromatids","148/7686","177/11214",0.836158192090395,1.21996850977123,4.35379962281669,3.23503373370076e-06,0.000666811282273407,0.000573251855142688,"CENPF/CDC20/ERCC6L/UBE2C/NUF2/KIF2C/BUB1B/PLK1/BIRC5/CDCA8/CENPA/TUBB3/SGO1/AURKB/NDC80/ZWINT/ESPL1/CDCA5/CENPI/SPC24/KNL1/KNTC1/SKA1/BUB1/CENPE/CENPU/MAD2L1/PTTG1/CENPK/SPC25/TUBB1/CENPL/SPDL1/TUBB2B/NUP85/CENPH/SGO2/RCC2/CENPM/ZWILCH/PPP2CB/UBE2S/INCENP/DSN1/XPO1/CENPO/KIF18A/NUP43/BUB3/NDE1/SEM1/TUBB6/CKAP5/PSMD11/PSMB4/NDEL1/TUBB8/PSMD14/PAFAH1B1/PSMC4/CENPN/TUBA1A/TUBA1C/PPP2R5A/PSMA6/TUBB4A/NUP107/PSMB3/TUBA4A/KIF2A/AHCTF1/ANAPC1/PSMA5/PSMB2/PSMD3/TUBA3D/TUBB2A/ANAPC11/PSMB5/CLASP2/SEC13/PSMC6/NUP37/RANGAP1/PSMD12/CENPS/PSMA1/PSMD1/TUBAL3/HDAC8/ZW10/PSMD2/ITGB3BP/DYNC1LI1/PSMD7/PSMA2/PDS5B/ADRM1/PPP2R5B/PSMC5/ANAPC5/CENPP/NUP133/ANAPC16/B9D2/PPP2R1B/PSMA3/PSMC2/SEH1L/WAPL/TUBA8/PMF1/UBB/PDS5A/UBE2D1/PSMD13/DYNC1I1/SKA2/PPP2R5E/PSMB7/PSMA7/NSL1/PSMA4/CENPQ/PSMD8/DYNC1LI2/PPP1CC/RAD21/NUP160/CENPT/CLASP1/ANAPC4/PSMC3/UBC/MAD1L1/NUDC/SMC3/CDC27/CDC23/PSMC1/PPP2R5D/SMC1A/PPP2R5C/ANAPC10/RPS27/PSMB6/RPS27A/ANAPC15",148
"R-HSA-68882","R-HSA-68882","Mitotic Anaphase","182/7686","222/11214",0.81981981981982,1.19613055678629,4.35642459746224,3.60655140652684e-06,0.000666811282273407,0.000573251855142688,"CENPF/CDC20/ERCC6L/UBE2C/NUF2/KIF2C/BUB1B/PLK1/BIRC5/CDCA8/CCNB1/CENPA/TUBB3/CCNB2/SGO1/AURKB/NDC80/ZWINT/RCC1/ESPL1/CDCA5/CENPI/SPC24/KNL1/KNTC1/SKA1/BUB1/CENPE/CENPU/MAD2L1/CDK1/PTTG1/CENPK/SPC25/TUBB1/LMNB1/CENPL/SPDL1/TUBB2B/NUP85/NUP155/CENPH/SGO2/RCC2/CENPM/ZWILCH/PPP2CB/UBE2S/INCENP/DSN1/XPO1/CENPO/NDC1/KIF18A/NUP43/BUB3/NDE1/SEM1/TUBB6/KPNB1/CHMP3/CKAP5/PSMD11/PSMB4/NDEL1/TUBB8/PSMD14/PAFAH1B1/CHMP4C/PSMC4/CENPN/TUBA1A/NUP62/TUBA1C/PPP2R5A/PSMA6/TUBB4A/NUP107/TMPO/PSMB3/TUBA4A/KIF2A/NUP205/AHCTF1/ANAPC1/PSMA5/PSMB2/PSMD3/NUP35/TUBA3D/TUBB2A/LBR/ANAPC11/PSMB5/CLASP2/SEC13/PSMC6/NUP37/RNF103-CHMP3/RANGAP1/PSMD12/CENPS/PSMA1/RAN/PSMD1/VRK1/TUBAL3/HDAC8/ZW10/PSMD2/ITGB3BP/CHMP4B/LEMD2/DYNC1LI1/PSMD7/PSMA2/PDS5B/ADRM1/PPP2R5B/PSMC5/ANAPC5/SPAST/CENPP/NUP133/BANF1/ANAPC16/SUMO1/B9D2/NUP93/PPP2R1B/PSMA3/ANKLE2/LMNA/PSMC2/SEH1L/WAPL/TUBA8/PMF1/UBB/TNPO1/PDS5A/UBE2D1/PSMD13/DYNC1I1/SKA2/PPP2R5E/PSMB7/PSMA7/NSL1/UBE2I/PSMA4/SIRT2/CENPQ/PSMD8/DYNC1LI2/PPP1CC/RAD21/NUP160/CENPT/CHMP4A/CLASP1/ANAPC4/PSMC3/VRK2/UBC/MAD1L1/NUDC/NUP54/SMC3/NUP58/CDC27/CDC23/PSMC1/PPP2R5D/NUP188/SMC1A/PPP2R5C/ANAPC10/RPS27/PSMB6/RPS27A/ANAPC15",182
"R-HSA-72766","R-HSA-72766","Translation","234/7686","292/11214",0.801369863013699,1.16921176734786,4.32431890232916,4.78190572219203e-06,0.000795709112172754,0.000684064197521997,"EEF1A2/MRPL3/TARS2/DARS2/RPL39L/VARS1/RPS10/GARS1/EPRS1/MTIF2/ETF1/DAP3/PARS2/MRPL9/IARS2/AIMP2/EIF3B/SSR4/EARS2/SRPRB/FARSB/MARS2/PABPC1/IARS1/SEC61A2/MRPL24/TARS1/SEC61A1/RARS1/MRPL15/MARS1/EIF4EBP1/MRPL36/RPL17/MRPL30/RPL36A/YARS1/SEC61G/MRPS34/MRPL17/DDOST/RPS17/DARS1/MRPL19/SARS2/RPN2/MRPL58/MRPL37/MRPS10/MRPL38/RPL3L/RPL22L1/EEF1E1/HARS2/SRP9/SRP54/SSR1/MRPL12/ERAL1/VARS2/MRPL13/MRPS35/MRPS23/EIF2B4/MRPS12/RPL37/MRPL52/MRPS5/YARS2/MRPS30/MRPS33/AARS2/MRPS16/MRPL55/MRPS25/MRPL35/MRPL21/CARS1/EIF2B2/EEF1D/RPS2/EIF3I/AARS1/EIF2B1/MRPS6/MRPS26/EIF2S3/PTCD3/MRPL27/MRPS21/MRPL46/MRPL2/KARS1/MRPS15/MRPS18A/MRPL10/EIF2B5/MRPL44/SSR3/MRPL47/CHCHD1/TUFM/SRP68/MRPL51/SSR2/SEC11C/MRPS2/RPLP0/SPCS2/AURKAIP1/RPL26L1/RPL8/MRPL32/MRPS7/MRPL22/FARSA/SRP72/RPL12/MRPL1/EIF4G1/MRPS9/MRPL28/EIF3E/AIMP1/EIF3H/TSFM/RPS18/RPL38/MRPL11/RPS19/MRPL4/EIF2S2/RPL39/MRPL42/RPS7/GFM1/MRPL41/MRPL20/RPL30/MRPS28/GFM2/RPS8/TRMT112/RPL23A/RPL37A/RPN1/MRRF/OXA1L/RPS16/RPS21/SRPRA/MRPL18/HARS1/EIF5/SPCS1/RPL36/RPL7/RPL19/MRPL16/LARS1/MRPL48/EIF3M/RPS5/RPL6/MRPS18B/EEF1B2/GSPT2/GADD45GIP1/PPA2/SEC61B/RPL29/EIF3L/MRPL33/NARS1/RPS24/LARS2/MRPS11/RPSA/RPL10A/MRPS27/RPL27A/PPA1/MRPL54/FARS2/EIF3J/RPL21/RPL18A/MRPL40/RPL35/RPS15A/RPL28/EIF4A1/MRPS31/RPL18/MRPS24/RPL13A/RPS26/RPL24/EEF1A1/RPL4/EIF3C/RPS27L/WARS2/RPL7A/RPL10/EIF3D/EIF1AX/RPS3/MRPL49/RPL13/RPS4X/RPL41/APEH/RPLP1/TRAM1/MRPS17/EIF4E/RPS27/MRPL23/RPLP2/RPL27/RPL35A/RPL31/EIF2B3/WARS1/MRPL39/RPL14/RPL15/RPS29/NARS2/RPS27A/RPS15/EIF2S1/RPL32",234
"R-HSA-69206","R-HSA-69206","G1/S Transition","104/7686","121/11214",0.859504132231405,1.2540306191573,4.14668511999668,7.66795934809123e-06,0.00115995312320216,0.000997201603258945,"CDC6/ORC6/MCM10/RRM2/CCNB1/CDC45/CCNA2/CCNE1/ORC1/CDT1/MCM4/TK1/POLE2/CDK1/CDC25A/MCM6/MCM2/CCNE2/CKS1B/DBF4/GMNN/PPP2CB/MCM8/E2F5/PRIM2/TYMS/MCM7/HDAC1/PCNA/E2F1/SKP2/CDC7/PTK6/ORC5/SEM1/POLE/MCM3/DHFR/PSMD11/PSMB4/PSMD14/ORC2/PPP2R3B/RBL1/PSMC4/PSMA6/FBXO5/POLA2/CDKN1A/PSMB3/CDK7/CDK4/RPA3/MNAT1/PSMA5/PSMB2/PSMD3/LIN9/TFDP1/PSMB5/PSMC6/AKT3/PRIM1/CABLES1/PSMD12/RBBP4/MCM5/PSMA1/PSMD1/E2F6/PSMD2/PSMD7/PSMA2/ADRM1/PSMC5/LIN37/CDK2/RBL2/E2F4/LIN54/PPP2R1B/PSMA3/PSMC2/POLE3/UBB/RB1/ORC4/CCNA1/PSMD13/PSMB7/PSMA7/PSMA4/PSMD8/POLA1/RPA2/PSMC3/UBC/AKT2/WEE1/PSMC1/CDKN1B/MYC/PSMB6/RPS27A",104
"R-HSA-69239","R-HSA-69239","Synthesis of DNA","93/7686","107/11214",0.869158878504673,1.26811705224452,4.11305722420078,8.39603831658183e-06,0.00116425064656601,0.00100089614668726,"UBE2C/CDC6/ORC6/GINS1/CDC45/CCNA2/GINS2/CCNE1/ORC1/CDT1/MCM4/DNA2/POLE2/GINS4/RFC4/FEN1/MCM6/MCM2/CCNE2/GMNN/MCM8/UBE2S/PRIM2/MCM7/PCNA/LIG1/RFC5/SKP2/ORC5/SEM1/POLE/MCM3/PSMD11/PSMB4/PSMD14/ORC2/RFC2/PSMC4/GINS3/POLD2/PSMA6/RFC3/POLA2/PSMB3/RPA3/ANAPC1/PSMA5/PSMB2/PSMD3/ANAPC11/PSMB5/PSMC6/PRIM1/PSMD12/MCM5/PSMA1/PSMD1/PSMD2/PSMD7/PSMA2/POLD1/ADRM1/PSMC5/ANAPC5/CDK2/ANAPC16/PSMA3/PSMC2/POLE3/UBB/ORC4/UBE2D1/CCNA1/PSMD13/PSMB7/PSMA7/PSMA4/PSMD8/POLA1/RPA2/POLD4/FZR1/ANAPC4/PSMC3/UBC/CDC27/CDC23/PSMC1/RFC1/ANAPC10/PSMB6/RPS27A/ANAPC15",93
"R-HSA-5389840","R-HSA-5389840","Mitochondrial translation elongation","77/7686","87/11214",0.885057471264368,1.29131335971359,4.02603732755335,1.13673796190166e-05,0.00145502459123413,0.00125087197589017,"MRPL3/DAP3/MRPL9/MRPL24/MRPL15/MRPL36/MRPL30/MRPS34/MRPL17/MRPL19/MRPL58/MRPL37/MRPS10/MRPL38/MRPL12/ERAL1/MRPL13/MRPS35/MRPS23/MRPS12/MRPL52/MRPS5/MRPS30/MRPS33/MRPS16/MRPL55/MRPS25/MRPL35/MRPL21/MRPS6/MRPS26/PTCD3/MRPL27/MRPS21/MRPL46/MRPL2/MRPS15/MRPS18A/MRPL10/MRPL44/MRPL47/CHCHD1/TUFM/MRPL51/MRPS2/AURKAIP1/MRPL32/MRPS7/MRPL22/MRPL1/MRPS9/MRPL28/TSFM/MRPL11/MRPL4/MRPL42/GFM1/MRPL41/MRPL20/MRPS28/OXA1L/MRPL18/MRPL16/MRPL48/MRPS18B/GADD45GIP1/MRPL33/MRPS11/MRPS27/MRPL54/MRPL40/MRPS31/MRPS24/MRPL49/MRPS17/MRPL23/MRPL39",77
"R-HSA-68877","R-HSA-68877","Mitotic Prometaphase","167/7686","205/11214",0.814634146341463,1.18856457417033,4.02170223299697,1.87752178335306e-05,0.00223156874821392,0.00191846022825324,"NEK2/CENPF/CDC20/ERCC6L/NUF2/KIF2C/BUB1B/PLK1/BIRC5/CDCA8/CCNB1/CENPA/TUBB3/CCNB2/SGO1/AURKB/NDC80/ZWINT/NCAPG/NCAPH/CDCA5/CENPI/SPC24/KNL1/KNTC1/SKA1/FIRRM/BUB1/CENPE/CENPU/MAD2L1/CDK1/CENPK/SPC25/PLK4/TUBB1/CENPL/SPDL1/TUBB2B/NUP85/CENPH/SGO2/RCC2/CENPM/ZWILCH/CEP72/PPP2CB/TUBG1/INCENP/DSN1/XPO1/CENPO/MZT2A/KIF18A/NEK7/NUP43/BUB3/NDE1/TUBB6/CKAP5/NDEL1/TUBB8/NEK6/PAFAH1B1/NCAPD2/CENPN/TUBA1A/TUBA1C/PPP2R5A/HAUS5/TUBB4A/NUP107/TUBA4A/KIF2A/CEP131/HAUS8/AHCTF1/CEP250/TUBA3D/TUBB2A/CLASP2/SEC13/CEP76/NUP37/CPAP/RANGAP1/TUBB/CENPS/MZT2B/SMC4/CSNK2B/TUBAL3/HDAC8/ZW10/HAUS3/YWHAG/ITGB3BP/PRKACA/DYNC1LI1/CEP152/CSNK2A1/PDS5B/PPP2R5B/CEP41/SMC2/HAUS2/DCTN1/CENPP/NUP133/ACTR1A/ODF2/HAUS6/B9D2/PPP2R1B/CSNK1E/SEH1L/WAPL/TUBA8/PMF1/EML4/OFD1/PDS5A/HAUS4/TUBGCP5/DYNC1I1/MZT1/SKA2/PPP2R5E/DCTN3/SFI1/CEP70/CEP43/NSL1/CEP192/CENPQ/DYNC1LI2/PPP1CC/RAD21/CEP78/NEDD1/NUP160/HAUS7/CENPT/NEK9/CEP135/CSNK1D/CLASP1/TUBGCP4/HSP90AA1/SDCCAG8/MAD1L1/NUDC/SMC3/NME7/NINL/PPP2R5D/CEP57/DCTN2/CEP164/SMC1A/PCNT/PPP2R5C/RPS27/HAUS1/TUBGCP6/CNTRL/CCP110",167
"R-HSA-109581","R-HSA-109581","Apoptosis","137/7686","166/11214",0.825301204819277,1.20412798735927,3.910763721107,2.9609361218823e-05,0.00328466513787476,0.00282379802781617,"CLSPN/LMNB1/SEPTIN4/ADD1/CDKN2A/DAPK2/DCC/H1-3/DSP/SPTAN1/H1-4/H1-0/TLR4/H1-5/CASP6/TJP1/PPP3CC/DSG2/MAGED1/E2F1/VIM/YWHAZ/SEM1/CASP3/KPNB1/TRAF2/CDH1/PSMD11/PSMB4/UACA/PSMD14/PMAIP1/H1-2/PSMC4/BMF/AVEN/DAPK1/DIABLO/PSMA6/BAK1/BMX/PSMB3/CFLAR/CARD8/PSMA5/APC/HMGB2/DSG3/APIP/PSMB2/PSMD3/TFDP1/PSMB5/PSMC6/AKT3/PSMD12/SATB1/STK26/BCL2L11/PKP1/PSMA1/PSMD1/TP53BP2/DFFB/TNFRSF10A/PSMD2/YWHAG/FADD/BBC3/PSMD7/PSMA2/GSN/CASP8/ADRM1/C1QBP/PSMC5/CYCS/OPA1/PTK2/SFN/PRKCD/MAPK3/TRADD/ACIN1/PSMA3/TP53/LMNA/ROCK1/PSMC2/XIAP/UBB/DFFA/STAT3/FNTA/PSMD13/DNM1L/PSMB7/YWHAB/TNFSF10/PSMA7/APPL1/YWHAQ/OMA1/PSMA4/RIPK1/TP63/PSMD8/TNFRSF10B/STK24/DAPK3/DSG1/HMGB1/FAS/MAPK1/BCAP31/GSDME/TICAM1/PSMC3/UNC5A/UBC/YWHAH/BAX/CD14/AKT2/PLEC/ARHGAP10/CASP7/UNC5B/PSMC1/BID/GAS2/MAPT/CTNNB1/NMT1/PPP1R13B/PSMB6/RPS27A",137
"R-HSA-5419276","R-HSA-5419276","Mitochondrial translation termination","76/7686","87/11214",0.873563218390805,1.27454305634068,3.79426674401373,3.83462969794157e-05,0.00398801488585923,0.00342846168388328,"MRPL3/DAP3/MRPL9/MRPL24/MRPL15/MRPL36/MRPL30/MRPS34/MRPL17/MRPL19/MRPL58/MRPL37/MRPS10/MRPL38/MRPL12/ERAL1/MRPL13/MRPS35/MRPS23/MRPS12/MRPL52/MRPS5/MRPS30/MRPS33/MRPS16/MRPL55/MRPS25/MRPL35/MRPL21/MRPS6/MRPS26/PTCD3/MRPL27/MRPS21/MRPL46/MRPL2/MRPS15/MRPS18A/MRPL10/MRPL44/MRPL47/CHCHD1/MRPL51/MRPS2/AURKAIP1/MRPL32/MRPS7/MRPL22/MRPL1/MRPS9/MRPL28/MRPL11/MRPL4/MRPL42/MRPL41/MRPL20/MRPS28/GFM2/MRRF/OXA1L/MRPL18/MRPL16/MRPL48/MRPS18B/GADD45GIP1/MRPL33/MRPS11/MRPS27/MRPL54/MRPL40/MRPS31/MRPS24/MRPL49/MRPS17/MRPL23/MRPL39",76
"R-HSA-69481","R-HSA-69481","G2/M Checkpoints","129/7686","156/11214",0.826923076923077,1.20649432534678,3.83335411996454,4.17418546567988e-05,0.00408579094993608,0.00351251891508295,"CDC25C/CDC6/EXO1/ORC6/MCM10/CCNB1/GTSE1/CCNB2/CDC45/RMI2/BRIP1/PKMYT1/CCNA2/CHEK1/CLSPN/ORC1/H2BC5/MCM4/DNA2/BLM/CDK1/CDC25A/H2BC9/RFC4/H2BC6/MCM6/H2BC8/MCM2/H2BC7/CHEK2/DBF4/RHNO1/H4C5/BARD1/H2BC15/H2AX/MCM8/BRCA1/H4C8/H2BC17/H2BC4/RMI1/H4C14/MCM7/H4C12/BRCC3/RFC5/CDC7/YWHAZ/ORC5/H4C9/SEM1/NSD2/H2BC11/MCM3/PSMD11/PSMB4/PSMD14/H4C3/ORC2/H2BC12/H2BC13/H4C4/H2BC14/TOPBP1/RFC2/PSMC4/PSMA6/RFC3/H4C11/PSMB3/RAD9A/RPA3/PSMA5/PSMB2/PSMD3/H4C16/PSMB5/ATR/PSMC6/PSMD12/H2BC21/KAT5/MCM5/PSMA1/PSMD1/HUS1/MRE11/PSMD2/YWHAG/PSMD7/PSMA2/RBBP8/ADRM1/PSMC5/CDK2/SFN/RAD1/PSMA3/UBE2V2/TP53/PSMC2/TOP3A/UBB/ORC4/MDC1/CCNA1/PSMD13/PSMB7/YWHAB/PSMA7/YWHAQ/TP53BP1/RAD17/PSMA4/RAD50/PSMD8/RPA2/PSMC3/H2BC26/UBC/YWHAH/BABAM1/WEE1/PSMC1/ATRIP/ATM/PSMB6/RPS27A",129
"R-HSA-351202","R-HSA-351202","Metabolism of polyamines","43/7686","46/11214",0.934782608695652,1.36386315039202,3.64985911958388,4.72176305124686e-05,0.00420966145871427,0.00361900931325448,"AGMAT/NQO1/AZIN2/SEM1/SRM/PSMD11/PSMB4/PSMD14/SMOX/OAZ3/PSMC4/PSMA6/PSMB3/PSMA5/PSMB2/PSMD3/SMS/PSMB5/PSMC6/PSMD12/PSMA1/PSMD1/PSMD2/PSMD7/PSMA2/ADRM1/AMD1/PSMC5/OAZ2/AZIN1/ODC1/OAZ1/PSMA3/PSMC2/PSMD13/PSMB7/PSMA7/PSMA4/PAOX/PSMD8/PSMC3/PSMC1/PSMB6",43
"R-HSA-8980692","R-HSA-8980692","RHOA GTPase cycle","122/7686","147/11214",0.829931972789116,1.2108843537415,3.79869901710569,4.80670479059922e-05,0.00420966145871427,0.00361900931325448,"IQGAP3/ANLN/DEPDC1B/STARD8/ARHGEF15/STARD13/CAV1/ARHGAP6/CAVIN1/ARHGAP31/ECT2/ARHGAP11A/ARAP3/DLC1/NGEF/RHPN1/ARHGAP24/ARHGEF3/EMC3/STOM/NET1/ARHGAP18/ARHGEF19/RACGAP1/ARHGAP44/PREX1/RTKN/PLEKHG6/PREX2/VAMP3/PIK3R1/ARHGAP30/ARHGAP11B/ARAP2/CIT/ARHGAP29/YKT6/ARHGAP23/AKAP13/RHOA/ARAP1/TEX2/STK10/ARHGAP39/TMPO/PCDH7/RHPN2/MCF2/LMAN1/PLEKHG4/LBR/VANGL1/TFRC/JUP/ARHGEF17/MYO9A/FMNL3/DOCK2/TRIO/MCAM/AAAS/FAF2/C1QBP/ARHGEF2/SCFD1/ARHGAP35/ARHGAP32/ARHGEF40/DEF6/PIK3R2/TMEM87A/SNAP23/ROCK1/TAGAP/VMA22/VAV2/PLEKHG3/FAM13A/TIAM1/ARHGAP26/PLEKHG5/MACO1/ARHGAP21/ABR/SOWAHC/ARHGAP8/PKN3/DIAPH1/ARHGAP19/BCR/PKN1/ARHGEF18/IQGAP1/ARHGAP1/SLK/MCF2L/ARHGEF25/ARHGEF12/BCAP31/ARHGEF28/ARHGAP22/MYO9B/DAAM1/ERBIN/ARHGAP10/ARHGDIB/ACTC1/PLD1/ROCK2/FLOT1/SRGAP1/ARHGAP42/DIAPH3/KALRN/ATP6AP1/ARHGEF7/ARHGDIA/ARHGEF4/HMOX2/ARHGEF10/GMIP/RASGRF2",122
"R-HSA-5368287","R-HSA-5368287","Mitochondrial translation","80/7686","93/11214",0.860215053763441,1.25506786532699,3.64562601230217,8.1947811783421e-05,0.00672947719465139,0.00578527296782087,"MRPL3/MTIF2/DAP3/MRPL9/MRPL24/MRPL15/MRPL36/MRPL30/MRPS34/MRPL17/MRPL19/MRPL58/MRPL37/MRPS10/MRPL38/MRPL12/ERAL1/MRPL13/MRPS35/MRPS23/MRPS12/MRPL52/MRPS5/MRPS30/MRPS33/MRPS16/MRPL55/MRPS25/MRPL35/MRPL21/MRPS6/MRPS26/PTCD3/MRPL27/MRPS21/MRPL46/MRPL2/MRPS15/MRPS18A/MRPL10/MRPL44/MRPL47/CHCHD1/TUFM/MRPL51/MRPS2/AURKAIP1/MRPL32/MRPS7/MRPL22/MRPL1/MRPS9/MRPL28/TSFM/MRPL11/MRPL4/MRPL42/GFM1/MRPL41/MRPL20/MRPS28/GFM2/MRRF/OXA1L/MRPL18/MRPL16/MRPL48/MRPS18B/GADD45GIP1/MRPL33/MRPS11/MRPS27/MRPL54/MRPL40/MRPS31/MRPS24/MRPL49/MRPS17/MRPL23/MRPL39",80
"R-HSA-5663220","R-HSA-5663220","RHO GTPases Activate Formins","116/7686","140/11214",0.828571428571429,1.20889929742389,3.6710943851392,8.49272963267303e-05,0.00672947719465139,0.00578527296782087,"CENPF/CDC20/ERCC6L/NUF2/KIF2C/BUB1B/PLK1/BIRC5/CDCA8/CENPA/TUBB3/SGO1/AURKB/NDC80/ZWINT/CENPI/SPC24/KNL1/KNTC1/SKA1/BUB1/CENPE/CENPU/MAD2L1/CENPK/SPC25/TUBB1/CENPL/SPDL1/TUBB2B/NUP85/CENPH/SGO2/RCC2/CENPM/ZWILCH/PPP2CB/INCENP/DSN1/XPO1/SRF/SCAI/CENPO/KIF18A/NUP43/BUB3/NDE1/TUBB6/CKAP5/NDEL1/TUBB8/PAFAH1B1/RHOA/DIAPH2/CENPN/TUBA1A/TUBA1C/PPP2R5A/PFN2/TUBB4A/RHOD/NUP107/TUBA4A/KIF2A/EVL/AHCTF1/TUBA3D/TUBB2A/CLASP2/SEC13/NUP37/RANGAP1/CENPS/FMNL3/DVL3/TUBAL3/ZW10/ITGB3BP/DYNC1LI1/PPP2R5B/SRC/CENPP/NUP133/DVL1/RHOB/B9D2/PPP2R1B/SEH1L/TUBA8/PMF1/DYNC1I1/SKA2/PPP2R5E/NSL1/DIAPH1/CENPQ/DYNC1LI2/ACTG1/PPP1CC/SRGAP2/NUP160/CENPT/CLASP1/CDC42/FMNL1/MRTFA/MAD1L1/RAC1/NUDC/DAAM1/DVL2/RHOC/PPP2R5D/PPP2R5C/RPS27/DIAPH3",116
"R-HSA-350562","R-HSA-350562","Regulation of ornithine decarboxylase (ODC)","36/7686","38/11214",0.947368421052632,1.38222605694564,3.48349911812295,9.51798875866284e-05,0.00713644444408176,0.00613513916972869,"NQO1/SEM1/PSMD11/PSMB4/PSMD14/OAZ3/PSMC4/PSMA6/PSMB3/PSMA5/PSMB2/PSMD3/PSMB5/PSMC6/PSMD12/PSMA1/PSMD1/PSMD2/PSMD7/PSMA2/ADRM1/PSMC5/OAZ2/AZIN1/ODC1/OAZ1/PSMA3/PSMC2/PSMD13/PSMB7/PSMA7/PSMA4/PSMD8/PSMC3/PSMC1/PSMB6",36
"R-HSA-6798695","R-HSA-6798695","Neutrophil degranulation","365/7686","479/11214",0.762004175365344,1.11177658372976,3.69032297648448,9.86407585419955e-05,0.00713644444408176,0.00613513916972869,"PECAM1/CAT/CD93/PTPRB/HBB/MCEMP1/TCN1/AOC1/SIRPB1/S100P/FGR/ADGRE3/TMT1A/CD36/OLR1/C5AR1/CXCR2/OSCAR/ADAM8/FPR2/CEACAM1/SLC2A5/PRSS3/PRSS2/SLC44A2/CHRNB4/ALOX5/CFD/PLAU/CXCR1/RAP1A/ILF2/CFP/DSP/ATAD3B/SLC11A1/GMFG/PLEKHO2/STOM/SPTAN1/FPR1/PRDX4/RAB14/SDCBP/GPI/ANO6/ADGRE5/QPCT/DSN1/RETN/MME/CKAP4/FCGR3B/FOLR3/CAMP/TSPAN14/HVCN1/SIRPA/HK3/CANT1/CD33/GPR84/LCN2/FABP5/MNDA/KPNB1/C1orf35/TYROBP/CLEC12A/PTGES2/NCKAP1L/OSTF1/PSMD11/KCNAB2/PKM/MMP9/FCN1/NFAM1/PSMD14/PTX3/OLFM4/GRN/CDA/RHOA/CYB5R3/DDOST/FCER1G/NME2/ITGAL/CALML5/BST1/PGLYRP1/ALDOA/TRPM2/STK10/LTA4H/CYBB/CTSS/S100A7/HSP90AB1/CD44/ADA2/NIT2/RAB44/DGAT1/AMPD3/FRK/CD53/ITGAV/TXNDC5/SURF4/P2RX1/NFASC/LAIR1/TMEM63A/ASAH1/CD59/VAT1/AHSG/PTPN6/CTSG/SIGLEC14/B2M/PSMA5/S100A12/PSMD3/GGH/DDX3X/SERPINB6/PA2G4/JUP/CCT8/ITGAX/PGM1/SIGLEC9/MOSPD2/PSMD12/TUBB/LAMTOR2/CCT2/DOCK2/AP1M1/PTAFR/MGST1/CEACAM6/PKP1/BIN2/CSNK2B/PSMD1/IMPDH2/SLC2A3/COPB1/IDH1/CRACR2A/CPPED1/MLEC/ORM2/PPIA/CTSA/XRCC5/KRT1/PSMD2/PPBP/APRT/NAPRT/VCL/DYNC1LI1/PSMD7/CD177/CAND1/PSMA2/ITGAM/CLEC4D/ARG1/AGA/FAF2/HEBP2/GSN/HSPA6/CPNE1/UNC13D/ENPP4/CEACAM8/CEACAM3/RAB5B/YPEL5/LAMP1/MMP8/FCGR2A/MMP25/GM2A/CD47/RNASET2/TIMP2/PYGB/PSAP/BRI3/DOK3/CHI3L1/SLCO4C1/RHOG/PDAP1/HSPA1B/TNFRSF1B/TTR/FTL/TBC1D10C/TOLLIP/CRISPLD2/ACLY/ATP6V0A1/PRCP/PTPRC/HEXB/RAB10/SLPI/MGAM/PRKCD/SLC27A2/LILRB2/RAB3A/SNAP23/SERPINB3/ALDH3B1/RAP2B/C3AR1/KCMF1/MAN2B1/PGAM1/TMBIM1/EPX/ROCK1/TMC6/PDXK/PSMC2/PPIE/CTSH/LYZ/ALDOC/CD58/GCA/CAPN1/ACAA1/HSPA1A/ATP8A1/ALAD/HUWE1/STING1/RAB31/CYSTM1/PYGL/COTL1/SYNGR1/B4GALT1/ORM1/PSMD13/LTF/ATG7/ITGB2/FCAR/NEU1/HGSNAT/RNASE2/RAB27A/PSMB7/HPSE/S100A11/ARPC5/CDK13/RAB7A/ARMC8/TMEM30A/DEGS1/DIAPH1/S100A9/PLAC8/COMMD3/CR1/DYNLT1/IQGAP2/LGALS3/CREG1/VNN1/NFKB1/ARSB/LRG1/GDI2/PFKL/CTSZ/IQGAP1/RAB3D/NCSTN/DSG1/GSTP1/XRCC6/TLR2/HMGB1/CYFIP1/FTH1/LAMTOR3/RAB6A/MAPK1/GUSB/RAP2C/RAP1B/ANXA2/MPO/IGF2R/HLA-C/PSMC3/CLEC5A/DNAJC3/HSP90AA1/CTSD/ADAM10/AGL/RAC1/RAB5C/CD55/GLIPR1/EEF1A1/SERPINB10/IMPDH1/CD14/CXCL1/ATP8B4/HRNR/PLD1/PYCARD/FUCA2/MAGT1/FGL2/DERA/UBR4/VCP/APEH/CMTM6/ARSA/ABCA13/ADGRG3/GAA/HSPA8/TNFAIP6/CTSC/DNAJC5/CSTB/MANBA/RAB4B/NRAS/NPC2/HLA-B/S100A8/SVIP/SNAP25/HMOX2/RAB37/COMMD9/NHLRC3/PRG2/ANPEP/PNP/QSOX1/CHIT1/LAMTOR1/RAB9B",365
"R-HSA-5368286","R-HSA-5368286","Mitochondrial translation initiation","75/7686","87/11214",0.862068965517241,1.25777275296778,3.56249616047412,0.000117302728231285,0.00805966955183388,0.00692882775869322,"MRPL3/MTIF2/DAP3/MRPL9/MRPL24/MRPL15/MRPL36/MRPL30/MRPS34/MRPL17/MRPL19/MRPL58/MRPL37/MRPS10/MRPL38/MRPL12/ERAL1/MRPL13/MRPS35/MRPS23/MRPS12/MRPL52/MRPS5/MRPS30/MRPS33/MRPS16/MRPL55/MRPS25/MRPL35/MRPL21/MRPS6/MRPS26/PTCD3/MRPL27/MRPS21/MRPL46/MRPL2/MRPS15/MRPS18A/MRPL10/MRPL44/MRPL47/CHCHD1/MRPL51/MRPS2/AURKAIP1/MRPL32/MRPS7/MRPL22/MRPL1/MRPS9/MRPL28/MRPL11/MRPL4/MRPL42/MRPL41/MRPL20/MRPS28/OXA1L/MRPL18/MRPL16/MRPL48/MRPS18B/GADD45GIP1/MRPL33/MRPS11/MRPS27/MRPL54/MRPL40/MRPS31/MRPS24/MRPL49/MRPS17/MRPL23/MRPL39",75
"R-HSA-450408","R-HSA-450408","AUF1 (hnRNP D0) binds and destabilizes mRNA","40/7686","43/11214",0.930232558139535,1.35722455203965,3.46398749138768,0.000121088785334043,0.00805966955183388,0.00692882775869322,"PABPC1/SEM1/PSMD11/PSMB4/PSMD14/PSMC4/PSMA6/PSMB3/PSMA5/PSMB2/PSMD3/PSMB5/PSMC6/PSMD12/PSMA1/PSMD1/PSMD2/PSMD7/PSMA2/HSPB1/HNRNPD/ADRM1/PSMC5/HSPA1B/EIF4G1/PSMA3/PSMC2/UBB/HSPA1A/PSMD13/PSMB7/PSMA7/PSMA4/PSMD8/PSMC3/UBC/PSMC1/HSPA8/PSMB6/RPS27A",40
"R-HSA-9013148","R-HSA-9013148","CDC42 GTPase cycle","126/7686","154/11214",0.818181818181818,1.19374068554396,3.57314336714582,0.000134318648711011,0.0085963935175047,0.00739024468009165,"IQGAP3/DEPDC1B/STARD8/ARHGEF15/STARD13/ARHGEF26/CAV1/ARHGAP31/ECT2/ARHGEF16/PAK1/ARAP3/DLC1/NGEF/ARHGEF6/ARHGAP24/STOM/ARHGEF19/RACGAP1/ARHGAP44/PREX1/PREX2/FGD3/VAMP3/PIK3R1/ARHGAP30/ARHGAP11B/DOCK11/PAK6/ARAP2/ARHGAP29/YKT6/SCRIB/ARAP1/DOCK8/DOCK6/FAM13B/ARHGAP39/ARHGAP33/TMPO/DOCK9/MCF2/SYDE1/PLEKHG4/LBR/VANGL1/TFRC/JUP/FGD4/SPATA13/FMNL3/PLEKHG2/FGD2/STEAP3/FNBP1/PAK3/TRIO/WAS/FGD1/DNMBP/ARHGAP17/ARHGAP35/ARHGAP32/DEF6/PIK3R2/SNAP23/PLEKHG1/CHN1/TAGAP/VAV2/PAK5/PLEKHG3/TIAM1/ARHGAP26/MAP3K11/ARHGAP21/ABR/RAB7A/ARFGAP3/WIPF3/BCR/WDR81/CDC42BPA/IQGAP2/DOCK7/IQGAP1/SH3PXD2A/CDC42EP4/SRGAP2/ARHGAP1/MCF2L/ARHGDIG/ARHGEF25/BAIAP2/CDC42SE2/ARHGEF12/FNBP1L/ARFGAP2/CDC42BPB/ARHGAP22/GIT1/MYO9B/CDC42/FMNL1/DAAM1/ARHGAP10/ARHGDIB/PLD1/WIPF1/GOLGA8R/WASL/SRGAP1/ARHGAP42/DIAPH3/ARHGEF7/SHKBP1/GNA13/ARHGDIA/ARHGEF4/ARHGEF10/CDC42EP5/GMIP/RASGRF2/CDC42EP3/ARHGEF9/LAMTOR1",126
"R-HSA-176814","R-HSA-176814","Activation of APC/C and APC/C:Cdc20 mediated degradation of mitotic proteins","56/7686","63/11214",0.888888888888889,1.29690346083789,3.48799167482739,0.000142059933084821,0.00867778110011498,0.00746021287642729,"NEK2/CDC20/UBE2C/BUB1B/PLK1/CCNB1/CCNA2/MAD2L1/CDK1/PTTG1/UBE2S/BUB3/SEM1/PSMD11/PSMB4/PSMD14/PSMC4/PSMA6/PSMB3/ANAPC1/PSMA5/PSMB2/PSMD3/ANAPC11/PSMB5/PSMC6/PSMD12/PSMA1/PSMD1/PSMD2/PSMD7/PSMA2/ADRM1/PSMC5/ANAPC5/ANAPC16/PSMA3/PSMC2/UBB/UBE2D1/CCNA1/PSMD13/PSMB7/PSMA7/PSMA4/PSMD8/ANAPC4/PSMC3/UBC/CDC27/CDC23/PSMC1/ANAPC10/PSMB6/RPS27A/ANAPC15",56
"R-HSA-5663202","R-HSA-5663202","Diseases of signal transduction by growth factor receptors and second messengers","346/7686","454/11214",0.762114537444934,1.1119376038131,3.59372308682089,0.000146020355050012,0.00867778110011498,0.00746021287642729,"CCNB1/FOXM1/SPTBN1/FGB/HBEGF/KAT2A/WNT3A/VWF/TGFBR2/ATIC/PAPSS1/DKK2/QKI/SPRED3/DUSP9/POLR2H/ZFYVE9/GAB1/FGF19/CALM1/LRRFIP1/DHH/RAP1A/KREMEN2/FZD4/FGFR4/MRAS/ESRP1/ARRB1/PDGFB/LMO7/FGF10/ARRB2/KAT2B/FGF2/PPP2CB/TLN1/STAT5B/KL/TFG/POLR2D/EGF/HDAC1/PPFIBP1/PIK3R1/FOXO4/FGFR2/CPSF6/TWIST1/SEM1/NTRK3/PIK3R5/GAB2/PSMD11/APH1B/BDNF/JUNB/NOTCH1/PSMB4/PSMD14/RNF43/NRG3/DUSP8/FGA/CD19/JUN/MOV10/AGK/HDAC10/FGF5/HEYL/SYVN1/CAMK2A/CLTC/RPS6KB2/NR4A1/CNKSR2/STAT5A/FOXO3/PSMC4/CAMK2B/NOX4/WDCP/SHC1/NRG1/PPP2R5A/PSMA6/MSN/TGFA/CDKN1A/ETV6/PSEN2/PSMB3/BCL2A1/PTPN6/PRF1/HEY2/MCL1/TBL1X/PSMA5/APC/ZC3HC1/PSMB2/PSMD3/TBL1XR1/CARS1/SND1/ERBB2/PSMB5/KANK1/DNMT1/POLR2J/PSMC6/NCBP2/AKT3/DLL4/SEC31A/CTBP2/FOXO1/EREG/PRKAR1A/JAK2/PSMD12/FGF20/DKK1/NPM1/BCL2L11/PHB1/ERBB3/PRR5/ERBB4/CDK8/AXIN1/FIP1L1/BIN2/HDAC2/PSMA1/PSMD1/MPRIP/NTRK2/PEBP1/CNKSR1/NCBP1/HDAC8/PIK3R3/POLR2B/PSMD2/FZD5/STAT1/FYN/RRBP1/CD86/VCL/PSMD7/PSMA2/MET/KRAS/ADRM1/PPP2R5B/SRC/PSMC5/RNF213/NF1/APH1A/HEY1/SMAD4/APBB1IP/MECP2/DCTN1/TPR/BCL11A/RHOG/DKK4/AGO4/MTOR/WDR48/PIK3R2/ZMYM2/PTPN12/ITGB3/POLR2I/IL10RA/MLST8/DUSP7/TRIM24/MAPK3/FKBP1A/PSENEN/POLR2G/FXR1/FGF7/ICOS/HDAC5/PPP2R1B/PSMA3/DUSP16/TP53/TPM4/LMNA/MAML2/PDGFA/CTBP1/PSMC2/PIK3AP1/HDAC3/IRF4/DERL2/HDAC7/IRS1/KIAA1549/TGFB1/CLCN6/UBB/GRB2/EML4/RB1/NEURL1/STAT3/HES1/PTEN/PORCN/TSC2/PIK3CG/HGF/KLB/PSMD13/ATG7/HHAT/PPP2R5E/MAP3K11/ESR1/BRAP/PSMB7/YWHAB/HIP1/KDR/CBL/HDAC4/POLR2F/NRG2/PSMA7/POLR2K/GSK3A/CEP43/MAML3/PSMA4/IHH/FBXW7/DLL1/BCR/EIF2AK3/TCF7L2/CUX1/PSMD8/BIRC6/RAC2/MYH9/ACTG1/PPP1CC/FRS3/IQGAP1/NCSTN/CD28/TENT4A/TYK2/AKT1S1/DUSP10/KSR2/GSK3B/MAPK1/EPGN/ERLIN2/KSR1/FGF8/FGFR1/RAP1B/FAM131B/SQSTM1/FZD8/PSMC3/BAG4/TRAK1/FGG/GTF2F2/HSP90AA1/ADAM10/UBC/ADAM17/RAC1/KREMEN1/TPM3/TNRC6C/PTPN11/SPRED1/PDPK1/AKT2/AMER1/LYN/CCNC/FZD6/FGF18/ERBIN/EP300/RICTOR/PSMC1/PPP2R5D/AGO2/JAG1/SHOC2/FAM114A2/VCP/ERLEC1/LRP5/NCOR2/ARAF/NCOR1/PPP2R5C/ALK/HDAC9/PDGFRA/NTF3/CDKN1B/MIB1/EGFR/NRAS/PIK3CA/AGTRAP/PIM1/NRG4/ZC3HAV1/RAF1/CTNNB1/FLT3/MYC/CNTRL/TNKS2/NEURL1B/HDAC11/ESR2/FGFR1OP2/PSMB6/MAP2K2/RPS27A/HRAS/CD80/JAG2",346
"R-HSA-382556","R-HSA-382556","ABC-family proteins mediated transport","77/7686","90/11214",0.855555555555556,1.24826958105647,3.4902865920567,0.000165138254650492,0.00947551916339373,0.0081460213455542,"ABCA12/ABCC3/ABCA8/ABCB6/ABCC2/ABCA4/DERL3/ABCG1/ABCB9/ABCB4/ABCA3/ABCC11/ABCA9/ABCB1/SEM1/PSMD11/PSMB4/PSMD14/ABCC10/PSMC4/PSMA6/PSMB3/RNF185/PSMA5/PSMB2/PSMD3/PSMB5/PSMC6/PSMD12/EIF2S3/PSMA1/PSMD1/ABCA6/PSMD2/ABCC5/ABCA10/PSMD7/PSMA2/ADRM1/PSMC5/APOA1/ABCC9/CFTR/PSMA3/ABCF1/PSMC2/DERL2/ABCA7/EIF2S2/UBB/ABCG8/PSMD13/ABCB8/PSMB7/ABCC6/PSMA7/PEX3/PSMA4/PSMD8/KCNJ11/ERLIN2/PSMC3/RNF5/UBC/ABCD1/ABCB5/PSMC1/ABCB7/ABCA2/DERL1/VCP/ERLEC1/ABCC1/PSMB6/ABCB10/RPS27A/EIF2S1",77
"R-HSA-176409","R-HSA-176409","APC/C:Cdc20 mediated degradation of mitotic proteins","55/7686","62/11214",0.887096774193548,1.29428873611846,3.42957193915297,0.000185594951402285,0.0102943333044467,0.0088499487352879,"NEK2/CDC20/UBE2C/BUB1B/CCNB1/CCNA2/MAD2L1/CDK1/PTTG1/UBE2S/BUB3/SEM1/PSMD11/PSMB4/PSMD14/PSMC4/PSMA6/PSMB3/ANAPC1/PSMA5/PSMB2/PSMD3/ANAPC11/PSMB5/PSMC6/PSMD12/PSMA1/PSMD1/PSMD2/PSMD7/PSMA2/ADRM1/PSMC5/ANAPC5/ANAPC16/PSMA3/PSMC2/UBB/UBE2D1/CCNA1/PSMD13/PSMB7/PSMA7/PSMA4/PSMD8/ANAPC4/PSMC3/UBC/CDC27/CDC23/PSMC1/ANAPC10/PSMB6/RPS27A/ANAPC15",55
"R-HSA-2500257","R-HSA-2500257","Resolution of Sister Chromatid Cohesion","105/7686","127/11214",0.826771653543307,1.20627339615335,3.45052253938973,0.000217042171425237,0.0116502636532772,0.0100156302535449,"CENPF/CDC20/ERCC6L/NUF2/KIF2C/BUB1B/PLK1/BIRC5/CDCA8/CCNB1/CENPA/TUBB3/CCNB2/SGO1/AURKB/NDC80/ZWINT/CDCA5/CENPI/SPC24/KNL1/KNTC1/SKA1/FIRRM/BUB1/CENPE/CENPU/MAD2L1/CDK1/CENPK/SPC25/TUBB1/CENPL/SPDL1/TUBB2B/NUP85/CENPH/SGO2/RCC2/CENPM/ZWILCH/PPP2CB/INCENP/DSN1/XPO1/CENPO/KIF18A/NUP43/BUB3/NDE1/TUBB6/CKAP5/NDEL1/TUBB8/PAFAH1B1/CENPN/TUBA1A/TUBA1C/PPP2R5A/TUBB4A/NUP107/TUBA4A/KIF2A/AHCTF1/TUBA3D/TUBB2A/CLASP2/SEC13/NUP37/RANGAP1/CENPS/TUBAL3/HDAC8/ZW10/ITGB3BP/DYNC1LI1/PDS5B/PPP2R5B/CENPP/NUP133/B9D2/PPP2R1B/SEH1L/WAPL/TUBA8/PMF1/PDS5A/DYNC1I1/SKA2/PPP2R5E/NSL1/CENPQ/DYNC1LI2/PPP1CC/RAD21/NUP160/CENPT/CLASP1/MAD1L1/NUDC/SMC3/PPP2R5D/SMC1A/PPP2R5C/RPS27",105
"R-HSA-195258","R-HSA-195258","RHO GTPase Effectors","252/7686","326/11214",0.773006134969325,1.12782862315197,3.45708189735915,0.000244573061184873,0.0127177991816134,0.0109333812549422,"IQGAP3/KIF14/CDC25C/CENPF/CDC20/ERCC6L/NUF2/KIF2C/BUB1B/PLK1/BIRC5/CDCA8/CENPA/TUBB3/SGO1/AURKB/NDC80/ZWINT/CENPI/SPC24/KNL1/KNTC1/H2BC5/SKA1/BUB1/CENPE/CENPU/MAD2L1/CENPK/SPC25/TUBB1/H2BC9/H2BC6/PAK1/MYL9/CENPL/H2BC8/SPDL1/TUBB2B/H2BC7/WASF3/PPP1R14A/NUP85/CALM1/MYH10/H3C10/NCF2/H2AC8/RHPN1/CENPH/SGO2/H4C5/H3C12/RCC2/CENPM/ZWILCH/H2BC15/H3C2/H2AX/PPP2CB/H4C8/H3C3/H2BC17/INCENP/DSN1/RTKN/KIF5A/XPO1/SRF/H2BC4/SCAI/CENPO/H4C14/H3C8/BTK/KIF18A/H4C12/H2AC14/NUP43/BUB3/CTTN/LIMK1/PRC1/NDE1/YWHAZ/H4C9/TUBB6/MYH11/H2BC11/NCKAP1L/CDH1/CKAP5/CIT/NDEL1/TUBB8/KDM1A/MEN1/H4C3/PAFAH1B1/MYLK/RHOA/WASF1/H2BC12/DIAPH2/H2BC13/H4C4/NOXA1/H2BC14/NOX1/CENPN/TUBA1A/NCF1/H2AC20/H3C6/TUBA1C/PPP2R5A/CYBB/PFN2/WASF2/TUBB4A/RHOD/NUP107/H4C11/RHPN2/TUBA4A/KIF2A/EVL/H2AC6/AHCTF1/H3C1/ABI2/KLC3/ARPC1A/TUBA3D/TUBB2A/H4C16/CLASP2/SEC13/KLC2/NUP37/RANGAP1/CENPS/FMNL3/H2BC21/ARPC2/PAK3/H3C13/WAS/DVL3/PRKCZ/TUBAL3/ZW10/YWHAG/ITGB3BP/DYNC1LI1/H3-3A/PPP2R5B/SRC/NCKIPSD/CENPP/PTK2/RHOG/MYL12A/SFN/NUP133/LIMK2/PRKCD/H3C14/MAPK3/NCF4/DVL1/RHOB/MYL6/B9D2/CFTR/PPP2R1B/ROCK1/PRKCB/PIN1/RHOQ/SEH1L/TUBA8/FLNA/PMF1/GRB2/NCKAP1/DYNC1I1/SKA2/PPP2R5E/H3-3B/YWHAB/ARPC5/DLG4/MAPK11/MYH14/PPP1R12B/PIK3C3/YWHAQ/PKN3/NSL1/DIAPH1/NCOA2/S100A9/WIPF3/ARPC1B/CENPQ/IQGAP2/PKN1/DYNC1LI2/RAC2/MYH9/ACTG1/PPP1CC/IQGAP1/ACTR3/SRGAP2/MYL12B/AR/CYFIP1/NUP160/BAIAP2/CENPT/MAPK1/CLASP1/ARPC3/H2BC26/CDC42/FMNL1/MRTFA/BRK1/MAD1L1/RAC1/NUDC/CFL1/YWHAH/DAAM1/PDPK1/DVL2/KDM4C/RHOC/PPP2R5D/WIPF1/ROCK2/WASL/PRKCA/PPP2R5C/RPS27/DIAPH3/CYFIP2/CDKN1B/S100A8/CTNNB1",252
"R-HSA-446203","R-HSA-446203","Asparagine N-linked glycosylation","241/7686","311/11214",0.77491961414791,1.13062042064203,3.44798271005085,0.000252349630613999,0.0127245389497483,0.0109391753749418,"SPTBN2/TUBB3/SPTBN1/ST8SIA6/KDELR3/F8/SEC22C/TUBB1/MGAT3/FUT3/GMPPA/GRIA1/B4GALT2/PMM2/COL7A1/TUBB2B/ST6GALNAC3/ST6GALNAC5/GFPT1/SPTB/FUT8/GNPNAT1/B4GALT3/KDELR2/NSF/ALG8/SPTAN1/GMDS/GFUS/SRD5A3/ALG3/DOLPP1/COG2/TMED3/CGA/TFG/SEC24D/STT3A/ALG6/COPA/TUBB6/BET1/PPP6C/YKT6/B4GALT4/TUBB8/MOGS/ST6GALNAC1/ST8SIA2/ARFGAP1/ST6GALNAC2/GORASP1/PREB/TMED2/COPG1/DDOST/COPB2/PDIA3/LHB/RPN2/B4GALNT2/SYVN1/OSTC/F5/UGGT1/TUBA1A/MARCHF6/CALR/TUBA1C/TMED9/DPAGT1/MGAT1/TUBB4A/TGFA/SEC24A/TUBA4A/TMEM258/UGGT2/UAP1/CD59/SPTBN5/ASGR1/ALG10/ST3GAL2/RNF185/KDELR1/ALG1/LMAN1/TUBA3D/TUBB2A/DPM2/TBC1D20/SEC13/SEC31A/SLC35A1/MPI/COPB1/EDEM3/DCTN5/MLEC/TUBAL3/CTSA/CMAS/DHDDS/ARCN1/ST3GAL3/DYNC1LI1/PGM3/MAN1A1/MGAT4B/COG1/ARF4/ST3GAL6/MIA3/GOLGA2/MAN1B1/NANP/MAN2A1/SCFD1/MAN1C1/DCTN1/SEC22B/COG5/RAD23B/ENGASE/ANK3/GANAB/GOSR2/NAPA/SEC23A/LMAN2/ACTR1A/COPG2/OST4/ANK1/MIA2/ARF1/GMPPB/SEC23IP/DHRSX/RFT1/CNIH3/EDEM1/COG7/RAB1A/DERL2/TUBA8/UBB/COG6/SLC35C1/TMEM115/MAN1A2/CANX/FUOM/B4GALT1/RENBP/DCTN6/DYNC1I1/NANS/RPN1/ALG10B/NEU1/MAN2A2/COPZ1/DCTN3/USO1/CNIH2/FCSK/TRAPPC2/DPM3/SPTBN4/ARFGAP3/PRKCSH/ALG13/NAPG/SEC16A/MGAT4C/COPE/BET1L/TRAPPC4/COG4/DYNC1LI2/CTSZ/GOSR1/CAPZA1/SLC17A5/ARF5/PPP6R3/STX17/ANK2/ST8SIA4/DPM1/DAD1/ARFGAP2/CSNK1D/COG3/PMM1/ST8SIA5/MGAT4A/TRAPPC3/STT3B/RNF5/DCTN4/RNF103/FOLR1/UBC/SAR1B/CD55/TMED10/GBF1/TRAPPC9/PPP6R1/ALG9/NUS1/ST8SIA1/SEC24C/RAB1B/PSMC1/MAGT1/DERL1/DCTN2/NPL/VCP/AMDHD2/CTSC/SEC31B/SEC16B/NAPB/CHST10/RNF139/TRAPPC5/TUSC3/NEU3/TRAPPC6B/ST3GAL4/LMAN2L/RPS27A/NGLY1/ST6GALNAC6/CAPZA2/AMFR",241
"R-HSA-9013026","R-HSA-9013026","RHOB GTPase cycle","61/7686","70/11214",0.871428571428571,1.27142857142857,3.36225650232851,0.000266181892747009,0.0130272549862065,0.0111994177165073,"IQGAP3/ANLN/DEPDC1B/STARD8/STARD13/CAV1/CAVIN1/ECT2/DLC1/ARHGEF3/STOM/NET1/RACGAP1/PREX1/RTKN/VAMP3/PIK3R1/CIT/AKAP13/STK10/ARHGAP39/PCDH7/RHPN2/MCF2/VANGL1/TFRC/JUP/ARHGEF17/MYO9A/MCAM/ARHGEF2/ARHGAP35/ARHGAP32/PIK3R2/SNAP23/RHOB/ROCK1/VAV2/ARHGAP26/ARHGAP21/ABR/SOWAHC/PKN3/DIAPH1/BCR/PKN1/ARHGAP1/SLK/MCF2L/ARHGDIG/ARHGEF25/ARHGEF12/ARHGEF28/MYO9B/DAAM1/ERBIN/ACTC1/ROCK2/FLOT1/DIAPH3/ARHGEF10",61
"R-HSA-373755","R-HSA-373755","Semaphorin interactions","57/7686","65/11214",0.876923076923077,1.27944514501892,3.33489452116825,0.000292027563110693,0.0131048458333266,0.0112661218923905,"SEMA6A/PLXNB3/SEMA5A/PAK1/MYL9/DPYSL2/MYH10/RRAS/TLN1/CDK5R1/SEMA6D/LIMK1/TYROBP/MYH11/RHOA/PLXNA3/HSP90AB1/DPYSL5/SEMA3A/CDK5/ERBB2/PAK3/ITGA1/FYN/MET/DPYSL4/ARHGAP35/SEMA7A/MYL12A/LIMK2/PTPRC/PLXNA2/RHOB/MYL6/PIP5K1C/ROCK1/TREM2/RND1/MYH14/FES/MYH9/MYL12B/SEMA4D/CD72/GSK3B/FARP2/ARHGEF12/PLXND1/SEMA3E/CRMP1/HSP90AA1/RAC1/CFL1/RHOC/ROCK2/PLXNB1/SEMA4A",57
"R-HSA-174143","R-HSA-174143","APC/C-mediated degradation of cell cycle proteins","64/7686","74/11214",0.864864864864865,1.26185201595038,3.33561562214844,0.000305339360783213,0.0131048458333266,0.0112661218923905,"NEK2/CDC20/UBE2C/BUB1B/PLK1/CCNB1/AURKB/CCNA2/AURKA/MAD2L1/CDK1/PTTG1/UBE2S/BUB3/SKP2/SEM1/PSMD11/PSMB4/PSMD14/CDC14A/PSMC4/PSMA6/FBXO5/PSMB3/ANAPC1/PSMA5/PSMB2/PSMD3/ANAPC11/PSMB5/PSMC6/PSMD12/PSMA1/PSMD1/PSMD2/PSMD7/PSMA2/ADRM1/PSMC5/ANAPC5/CDK2/ANAPC16/PSMA3/PSMC2/UBB/RB1/UBE2D1/CCNA1/PSMD13/PSMB7/PSMA7/PSMA4/PSMD8/FZR1/ANAPC4/PSMC3/UBC/CDC27/CDC23/PSMC1/ANAPC10/PSMB6/RPS27A/ANAPC15",64
"R-HSA-453276","R-HSA-453276","Regulation of mitotic cell cycle","64/7686","74/11214",0.864864864864865,1.26185201595038,3.33561562214844,0.000305339360783213,0.0131048458333266,0.0112661218923905,"NEK2/CDC20/UBE2C/BUB1B/PLK1/CCNB1/AURKB/CCNA2/AURKA/MAD2L1/CDK1/PTTG1/UBE2S/BUB3/SKP2/SEM1/PSMD11/PSMB4/PSMD14/CDC14A/PSMC4/PSMA6/FBXO5/PSMB3/ANAPC1/PSMA5/PSMB2/PSMD3/ANAPC11/PSMB5/PSMC6/PSMD12/PSMA1/PSMD1/PSMD2/PSMD7/PSMA2/ADRM1/PSMC5/ANAPC5/CDK2/ANAPC16/PSMA3/PSMC2/UBB/RB1/UBE2D1/CCNA1/PSMD13/PSMB7/PSMA7/PSMA4/PSMD8/FZR1/ANAPC4/PSMC3/UBC/CDC27/CDC23/PSMC1/ANAPC10/PSMB6/RPS27A/ANAPC15",64
"R-HSA-9648025","R-HSA-9648025","EML4 and NUDC in mitotic spindle formation","97/7686","117/11214",0.829059829059829,1.20961188174303,3.36397568116252,0.000306368182922938,0.0131048458333266,0.0112661218923905,"CENPF/CDC20/ERCC6L/NUF2/KIF2C/BUB1B/PLK1/BIRC5/CDCA8/CENPA/TUBB3/SGO1/AURKB/NDC80/ZWINT/CENPI/SPC24/KNL1/KNTC1/SKA1/BUB1/CENPE/CENPU/MAD2L1/CENPK/SPC25/TUBB1/CENPL/SPDL1/TUBB2B/NUP85/CENPH/SGO2/RCC2/CENPM/ZWILCH/PPP2CB/INCENP/DSN1/XPO1/CENPO/KIF18A/NEK7/NUP43/BUB3/NDE1/TUBB6/CKAP5/NDEL1/TUBB8/NEK6/PAFAH1B1/CENPN/TUBA1A/TUBA1C/PPP2R5A/TUBB4A/NUP107/TUBA4A/KIF2A/AHCTF1/TUBA3D/TUBB2A/CLASP2/SEC13/NUP37/RANGAP1/CENPS/TUBAL3/ZW10/ITGB3BP/DYNC1LI1/PPP2R5B/CENPP/NUP133/B9D2/PPP2R1B/SEH1L/TUBA8/PMF1/EML4/DYNC1I1/SKA2/PPP2R5E/NSL1/CENPQ/DYNC1LI2/PPP1CC/NUP160/CENPT/NEK9/CLASP1/MAD1L1/NUDC/PPP2R5D/PPP2R5C/RPS27",97
"R-HSA-174178","R-HSA-174178","APC/C:Cdh1 mediated degradation of Cdc20 and other APC/C:Cdh1 targeted proteins in late mitosis/early G1","53/7686","60/11214",0.883333333333333,1.28879781420765,3.31055661982617,0.000315020332531891,0.0131048458333266,0.0112661218923905,"CDC20/UBE2C/PLK1/AURKB/AURKA/PTTG1/UBE2S/SKP2/SEM1/PSMD11/PSMB4/PSMD14/PSMC4/PSMA6/PSMB3/ANAPC1/PSMA5/PSMB2/PSMD3/ANAPC11/PSMB5/PSMC6/PSMD12/PSMA1/PSMD1/PSMD2/PSMD7/PSMA2/ADRM1/PSMC5/ANAPC5/ANAPC16/PSMA3/PSMC2/UBB/RB1/UBE2D1/PSMD13/PSMB7/PSMA7/PSMA4/PSMD8/FZR1/ANAPC4/PSMC3/UBC/CDC27/CDC23/PSMC1/ANAPC10/PSMB6/RPS27A/ANAPC15",53
"R-HSA-179419","R-HSA-179419","APC:Cdc20 mediated degradation of cell cycle proteins prior to satisfation of the cell cycle checkpoint","53/7686","60/11214",0.883333333333333,1.28879781420765,3.31055661982617,0.000315020332531891,0.0131048458333266,0.0112661218923905,"NEK2/CDC20/UBE2C/BUB1B/CCNA2/MAD2L1/CDK1/UBE2S/BUB3/SEM1/PSMD11/PSMB4/PSMD14/PSMC4/PSMA6/PSMB3/ANAPC1/PSMA5/PSMB2/PSMD3/ANAPC11/PSMB5/PSMC6/PSMD12/PSMA1/PSMD1/PSMD2/PSMD7/PSMA2/ADRM1/PSMC5/ANAPC5/ANAPC16/PSMA3/PSMC2/UBB/UBE2D1/CCNA1/PSMD13/PSMB7/PSMA7/PSMA4/PSMD8/ANAPC4/PSMC3/UBC/CDC27/CDC23/PSMC1/ANAPC10/PSMB6/RPS27A/ANAPC15",53
"R-HSA-69052","R-HSA-69052","Switching of origins to a post-replicative state","67/7686","78/11214",0.858974358974359,1.25325767129046,3.31277631389536,0.00034273858731915,0.0135931988327272,0.0116859547151292,"UBE2C/CDC6/ORC6/CCNA2/CCNE1/ORC1/CDT1/MCM4/MCM6/MCM2/CCNE2/GMNN/MCM8/UBE2S/MCM7/SKP2/ORC5/SEM1/MCM3/PSMD11/PSMB4/PSMD14/ORC2/PSMC4/PSMA6/PSMB3/ANAPC1/PSMA5/PSMB2/PSMD3/ANAPC11/PSMB5/PSMC6/PSMD12/MCM5/PSMA1/PSMD1/PSMD2/PSMD7/PSMA2/ADRM1/PSMC5/ANAPC5/CDK2/ANAPC16/PSMA3/PSMC2/UBB/ORC4/UBE2D1/CCNA1/PSMD13/PSMB7/PSMA7/PSMA4/PSMD8/FZR1/ANAPC4/PSMC3/UBC/CDC27/CDC23/PSMC1/ANAPC10/PSMB6/RPS27A/ANAPC15",67
"R-HSA-453274","R-HSA-453274","Mitotic G2-G2/M phases","153/7686","192/11214",0.796875,1.16265368852459,3.3552983263014,0.000344766928052757,0.0135931988327272,0.0116859547151292,"NEK2/HJURP/CDC25C/CENPF/PLK1/TPX2/CCNB1/GTSE1/TUBB3/CCNB2/SGO1/FOXM1/MYBL2/HMMR/PKMYT1/CCNA2/TICRR/AURKA/CDK1/E2F3/CDC25A/PLK4/TUBB1/TUBB2B/CEP72/PPP2CB/PPME1/TUBG1/XPO1/MZT2A/NDE1/E2F1/BORA/SEM1/TUBB6/CKAP5/PSMD11/PSMB4/TUBB8/PSMD14/PAFAH1B1/PPP2R3B/FKBPL/PSMC4/TUBA1A/TUBA1C/HAUS5/PSMA6/HSP90AB1/TUBB4A/CDKN1A/FBXL7/PSMB3/TUBA4A/CEP131/HAUS8/CDK7/MNAT1/CEP250/PSMA5/PSMB2/PSMD3/LIN9/TUBA3D/TUBB2A/PSMB5/PSMC6/CEP76/CPAP/PSMD12/TUBB/RBBP4/LCMT1/MZT2B/PSMA1/PSMD1/TUBAL3/PSMD2/HAUS3/YWHAG/PRKACA/CEP152/PSMD7/PSMA2/ADRM1/PSMC5/CEP41/HAUS2/DCTN1/FBXL18/RAB8A/LIN37/CDK2/ACTR1A/ODF2/HAUS6/LIN54/PPP2R1B/PSMA3/TP53/PSMC2/CSNK1E/TUBA8/UBB/OFD1/HAUS4/TUBGCP5/CCNA1/PSMD13/MZT1/DCTN3/CDC25B/PSMB7/AJUBA/PPP1R12B/SFI1/CEP70/PSMA7/CEP43/PSMA4/CEP192/CDK11A/PSMD8/CEP78/NEDD1/HAUS7/FZR1/CEP135/CSNK1D/CLASP1/TUBGCP4/PSMC3/OPTN/HSP90AA1/UBC/SDCCAG8/NME7/NINL/EP300/WEE1/PSMC1/CEP57/DCTN2/CEP164/PCNT/HAUS1/TUBGCP6/CNTRL/MIS18BP1/PHLDA1/PSMB6/RPS27A/CCP110",153
"R-HSA-72306","R-HSA-72306","tRNA processing","90/7686","108/11214",0.833333333333333,1.21584699453552,3.32679363565168,0.000351266556374562,0.0135931988327272,0.0116859547151292,"CSTF2/RPP40/PUS7/NUP85/NUP155/EPRS1/PUS1/NSUN2/METTL1/TRMU/WDR4/NDC1/NUP43/TSEN54/TRIT1/XPOT/LAGE3/FTSJ1/POP1/GTPBP3/RAE1/NUP210/CPSF1/TRMT5/CTU2/CPSF4/NUP62/NUP42/NUP107/POP7/NUP205/NUP88/ADAT1/TRMT1/RTRAF/NUP35/SEC13/NUP37/TYW1/TYW5/QTRT1/RAN/TRMT6/TRMT9B/TRMT13/TRMT61B/AAAS/NSUN6/TSEN34/TPR/RPP14/NUP133/POP5/HSD17B10/TPRKB/NUP93/CDKAL1/SEH1L/TRMT10A/TYW3/DUS2/TSEN15/RPP21/RPP38/TRMT112/OSGEP/NUP50/POP4/ZBTB8OS/TRMT12/RPP30/TRMT61A/PUS3/TRDMT1/TRMT11/DDX1/ADAT2/NUP160/THADA/ELAC2/RPP25/TRNT1/GON7/LCMT2/NUP54/NUP58/TRMT10C/NUP188/TSEN2/CLP1",90
"R-HSA-8852276","R-HSA-8852276","The role of GTSE1 in G2/M progression after G2 checkpoint","56/7686","64/11214",0.875,1.27663934426229,3.27576933205265,0.000376675557929869,0.0138376209776078,0.0118960823055219,"PLK1/CCNB1/GTSE1/TUBB3/CCNB2/CDK1/TUBB1/TUBB2B/SEM1/TUBB6/PSMD11/PSMB4/TUBB8/PSMD14/FKBPL/PSMC4/TUBA1A/TUBA1C/PSMA6/HSP90AB1/TUBB4A/CDKN1A/PSMB3/TUBA4A/PSMA5/PSMB2/PSMD3/TUBA3D/TUBB2A/PSMB5/PSMC6/PSMD12/PSMA1/PSMD1/TUBAL3/PSMD2/PSMD7/PSMA2/ADRM1/PSMC5/PSMA3/TP53/PSMC2/TUBA8/UBB/PSMD13/PSMB7/PSMA7/PSMA4/PSMD8/PSMC3/HSP90AA1/UBC/PSMC1/PSMB6/RPS27A",56
"R-HSA-174184","R-HSA-174184","Cdc20:Phospho-APC/C mediated degradation of Cyclin A","52/7686","59/11214",0.88135593220339,1.28591275354265,3.24991168622775,0.000409228292398132,0.0138376209776078,0.0118960823055219,"CDC20/UBE2C/BUB1B/CCNA2/MAD2L1/CDK1/UBE2S/BUB3/SEM1/PSMD11/PSMB4/PSMD14/PSMC4/PSMA6/PSMB3/ANAPC1/PSMA5/PSMB2/PSMD3/ANAPC11/PSMB5/PSMC6/PSMD12/PSMA1/PSMD1/PSMD2/PSMD7/PSMA2/ADRM1/PSMC5/ANAPC5/ANAPC16/PSMA3/PSMC2/UBB/UBE2D1/CCNA1/PSMD13/PSMB7/PSMA7/PSMA4/PSMD8/ANAPC4/PSMC3/UBC/CDC27/CDC23/PSMC1/ANAPC10/PSMB6/RPS27A/ANAPC15",52
"R-HSA-69017","R-HSA-69017","CDK-mediated phosphorylation and removal of Cdc6","52/7686","59/11214",0.88135593220339,1.28591275354265,3.24991168622775,0.000409228292398132,0.0138376209776078,0.0118960823055219,"UBE2C/CDC6/CCNA2/CCNE1/CCNE2/UBE2S/SEM1/PSMD11/PSMB4/PSMD14/PSMC4/PSMA6/PSMB3/ANAPC1/PSMA5/PSMB2/PSMD3/ANAPC11/PSMB5/PSMC6/PSMD12/PSMA1/PSMD1/PSMD2/PSMD7/PSMA2/ADRM1/PSMC5/ANAPC5/CDK2/ANAPC16/PSMA3/PSMC2/UBB/UBE2D1/CCNA1/PSMD13/PSMB7/PSMA7/PSMA4/PSMD8/FZR1/ANAPC4/PSMC3/UBC/CDC27/CDC23/PSMC1/ANAPC10/PSMB6/RPS27A/ANAPC15",52
"R-HSA-349425","R-HSA-349425","Autodegradation of the E3 ubiquitin ligase COP1","36/7686","39/11214",0.923076923076923,1.34678436317781,3.20195229379143,0.000415793899567543,0.0138376209776078,0.0118960823055219,"SEM1/PSMD11/PSMB4/PSMD14/PSMC4/PSMA6/PSMB3/PSMA5/PSMB2/PSMD3/PSMB5/PSMC6/PSMD12/PSMA1/PSMD1/PSMD2/PSMD7/PSMA2/ADRM1/PSMC5/COP1/PSMA3/TP53/PSMC2/UBB/PSMD13/PSMB7/PSMA7/PSMA4/PSMD8/PSMC3/UBC/PSMC1/ATM/PSMB6/RPS27A",36
"R-HSA-69601","R-HSA-69601","Ubiquitin Mediated Degradation of Phosphorylated Cdc25A","36/7686","39/11214",0.923076923076923,1.34678436317781,3.20195229379143,0.000415793899567543,0.0138376209776078,0.0118960823055219,"CHEK1/CDC25A/CHEK2/SEM1/PSMD11/PSMB4/PSMD14/PSMC4/PSMA6/PSMB3/PSMA5/PSMB2/PSMD3/PSMB5/PSMC6/PSMD12/PSMA1/PSMD1/PSMD2/PSMD7/PSMA2/ADRM1/PSMC5/PSMA3/PSMC2/UBB/PSMD13/PSMB7/PSMA7/PSMA4/PSMD8/PSMC3/UBC/PSMC1/PSMB6/RPS27A",36
"R-HSA-69610","R-HSA-69610","p53-Independent DNA Damage Response","36/7686","39/11214",0.923076923076923,1.34678436317781,3.20195229379143,0.000415793899567543,0.0138376209776078,0.0118960823055219,"CHEK1/CDC25A/CHEK2/SEM1/PSMD11/PSMB4/PSMD14/PSMC4/PSMA6/PSMB3/PSMA5/PSMB2/PSMD3/PSMB5/PSMC6/PSMD12/PSMA1/PSMD1/PSMD2/PSMD7/PSMA2/ADRM1/PSMC5/PSMA3/PSMC2/UBB/PSMD13/PSMB7/PSMA7/PSMA4/PSMD8/PSMC3/UBC/PSMC1/PSMB6/RPS27A",36
"R-HSA-69613","R-HSA-69613","p53-Independent G1/S DNA damage checkpoint","36/7686","39/11214",0.923076923076923,1.34678436317781,3.20195229379143,0.000415793899567543,0.0138376209776078,0.0118960823055219,"CHEK1/CDC25A/CHEK2/SEM1/PSMD11/PSMB4/PSMD14/PSMC4/PSMA6/PSMB3/PSMA5/PSMB2/PSMD3/PSMB5/PSMC6/PSMD12/PSMA1/PSMD1/PSMD2/PSMD7/PSMA2/ADRM1/PSMC5/PSMA3/PSMC2/UBB/PSMD13/PSMB7/PSMA7/PSMA4/PSMD8/PSMC3/UBC/PSMC1/PSMB6/RPS27A",36
"R-HSA-5619115","R-HSA-5619115","Disorders of transmembrane transporters","131/7686","163/11214",0.803680981595092,1.1725837272453,3.27596814241606,0.000461580198441206,0.0148747679651861,0.0127877085429453,"ABCA12/SLC2A1/CP/SLC4A1/ABCB6/ABCC2/SLCO1B3/NUP85/NUP155/SLC1A1/SLC7A7/DERL3/SLC24A4/SLCO2A1/ABCB4/NDC1/SLC67A1/SLC6A3/ABCA3/GCKR/NUP43/AVPR2/SLC35A2/SEM1/SLC2A9/LMBRD1/PSMD11/AVPR1B/SLC39A4/PSMB4/RAE1/PSMD14/SLC7A9/NUP210/SLC5A5/SLCO1B1/PSMC4/NUP62/NUP42/PSMA6/NUP107/PSMB3/NUP205/NUP88/RNF185/PSMA5/PSMB2/PSMD3/NUP35/PSMB5/SEC13/PSMC6/NUP37/SLC34A3/PSMD12/SLC35A1/SLC12A6/PSMA1/PSMD1/SLC9A9/SLC27A4/PSMD2/AAAS/PSMD7/PSMA2/SLC26A4/ADRM1/PSMC5/APOA1/SLC33A1/SLC2A2/TPR/ABCC9/NUP133/ABCA1/SLC26A3/SLC16A1/NUP93/ABCB11/CFTR/PSMA3/PSMC2/SEH1L/DERL2/UBB/SLC40A1/SLC35C1/ABCG8/PSMD13/SLC34A1/PSMB7/NUP50/SLC2A10/ABCC6/PSMA7/PSMA4/SLC34A2/PSMD8/KCNJ11/SLC17A5/SLC3A2/NUP160/SLC5A7/ERLIN2/PSMC3/SLC26A2/RNF5/UBC/SLC29A3/NUP54/ABCD1/SLC12A3/SLC5A2/SLC35A3/NUP58/SLC3A1/PSMC1/NUP188/DERL1/VCP/ERLEC1/SLC12A1/SLC24A1/SLC9A6/SLC6A20/SLC11A2/AVPR1A/PSMB6/BSG/RPS27A/SLC20A2",131
"R-HSA-1474244","R-HSA-1474244","Extracellular matrix organization","247/7686","321/11214",0.769470404984424,1.12266993514121,3.29127152899732,0.000464836498912066,0.0148747679651861,0.0127877085429453,"PECAM1/COL10A1/MMP11/JAM2/COL11A1/SPP1/SGCG/MMP13/SCUBE1/MMP1/FGB/LTBP4/ADAMTS14/VWF/ADAMTS8/ADAM12/ADAMTS1/COL17A1/TNR/MMP12/COL1A1/MFAP4/COL22A1/ITGA11/P4HA3/IBSP/COL3A1/ADAM8/CEACAM1/A2M/COL7A1/ITGA8/TNXB/MMP17/PRSS2/COL6A6/MMP3/COL5A2/COL24A1/MMP19/DRP2/ICAM2/BCAN/TLL2/NTN4/P4HB/COL5A1/PDGFB/UTRN/TIMP1/PRSS1/FBLN5/PLOD2/SGCA/COMP/FGF2/LAMB2/ADAMTS16/P3H1/COL25A1/SERPINH1/MMP10/EFEMP1/CAPN5/SCUBE3/PCOLCE2/LAMC3/CAPN12/DCN/CASP3/VCAN/CTSV/EMILIN2/SGCB/CDH1/TLL1/COL9A2/BMP2/LOXL2/MMP9/MFAP2/TPSAB1/FBLN1/FGA/ADAM15/ITGB4/P3H2/CRTAP/ITGAL/COL1A2/JAM3/P4HA1/COL9A3/PLOD1/MMP14/ITGA2/COL13A1/SDC2/CTSS/COL2A1/COL6A3/DDR1/CD44/TMPRSS6/CAPN14/ITGAV/DDR2/MATN3/MUSK/MMP7/CTSG/LOXL1/COL9A1/DMP1/LAMA4/CAPN11/COL6A5/PPIB/CAPN15/MMP15/TNC/P3H3/CMA1/ITGAX/COL4A4/COL18A1/EFEMP2/SGCE/COL4A3/ACTG2/ADAMTS18/CEACAM6/CAPN8/ACAN/SDC1/ADAMTS4/COL11A2/ITGA1/LAMB3/ICAM1/ITGB8/SDC4/ITGAM/MMP16/LTBP2/ITGA10/CEACAM8/CTSK/DMD/MMP8/CASK/MMP25/CD47/TGFB2/CAPN10/DST/TIMP2/CAPN13/ADAM19/SNTB2/SGCD/SNTA1/TTR/FURIN/LAMA2/ITGB3/ITGAE/FBN2/PXDN/COL28A1/ADAMTS9/COL4A5/CAPN3/COL27A1/ADAMTS2/COL16A1/PDGFA/THBS1/COLGALT2/TGFB1/CAPNS2/CAPN1/ADAM9/ITGA5/ITGB2/LAMC2/AGRN/MATN1/KDR/PLOD3/ELN/ITGA9/SNTG2/PCOLCE/FBN3/COL15A1/ASPN/LAMA3/LOXL4/TRAPPC4/COL19A1/ICAM5/ACTG1/SH3PXD2A/NCSTN/CAPNS1/COL5A3/LAMA1/LOX/VCAM1/COL4A2/FGG/MATN4/CTSD/SERPINE1/ADAM10/ACTA2/ADAM17/NID2/DTNB/BMP7/COL4A6/PTPRS/PLEC/ITGB5/MADCAM1/VTN/NRXN1/SSPN/ACTC1/SPOCK3/BGN/ITGA4/PRKCA/ADAMTS5/COL8A2/MMP24/COL6A1/FBN1/CAPN6/ITGB7/MMP2/ICAM3/CAPN7/BSG/ADAMTS3/APP",247
"R-HSA-69275","R-HSA-69275","G2/M Transition","151/7686","190/11214",0.794736842105263,1.1595340811044,3.2734633757544,0.000474652129954473,0.0149022857404574,0.0128113653348189,"NEK2/HJURP/CDC25C/CENPF/PLK1/TPX2/CCNB1/GTSE1/TUBB3/CCNB2/SGO1/FOXM1/MYBL2/HMMR/PKMYT1/CCNA2/TICRR/AURKA/CDK1/CDC25A/PLK4/TUBB1/TUBB2B/CEP72/PPP2CB/PPME1/TUBG1/XPO1/MZT2A/NDE1/BORA/SEM1/TUBB6/CKAP5/PSMD11/PSMB4/TUBB8/PSMD14/PAFAH1B1/PPP2R3B/FKBPL/PSMC4/TUBA1A/TUBA1C/HAUS5/PSMA6/HSP90AB1/TUBB4A/CDKN1A/FBXL7/PSMB3/TUBA4A/CEP131/HAUS8/CDK7/MNAT1/CEP250/PSMA5/PSMB2/PSMD3/LIN9/TUBA3D/TUBB2A/PSMB5/PSMC6/CEP76/CPAP/PSMD12/TUBB/RBBP4/LCMT1/MZT2B/PSMA1/PSMD1/TUBAL3/PSMD2/HAUS3/YWHAG/PRKACA/CEP152/PSMD7/PSMA2/ADRM1/PSMC5/CEP41/HAUS2/DCTN1/FBXL18/RAB8A/LIN37/CDK2/ACTR1A/ODF2/HAUS6/LIN54/PPP2R1B/PSMA3/TP53/PSMC2/CSNK1E/TUBA8/UBB/OFD1/HAUS4/TUBGCP5/CCNA1/PSMD13/MZT1/DCTN3/CDC25B/PSMB7/AJUBA/PPP1R12B/SFI1/CEP70/PSMA7/CEP43/PSMA4/CEP192/CDK11A/PSMD8/CEP78/NEDD1/HAUS7/FZR1/CEP135/CSNK1D/CLASP1/TUBGCP4/PSMC3/OPTN/HSP90AA1/UBC/SDCCAG8/NME7/NINL/EP300/WEE1/PSMC1/CEP57/DCTN2/CEP164/PCNT/HAUS1/TUBGCP6/CNTRL/MIS18BP1/PHLDA1/PSMB6/RPS27A/CCP110",151
"R-HSA-71291","R-HSA-71291","Metabolism of amino acids and derivatives","270/7686","353/11214",0.764872521246459,1.11596154739237,3.26748242812839,0.00051177005985085,0.0157700996220706,0.0135574173749962,"PYCR1/ALDH18A1/GPT2/PSAT1/SERINC1/INMT/AGMAT/SLC25A10/CPS1/CDO1/SERINC2/PAPSS1/ASPA/SLC7A5/NQO1/HGD/RPL39L/PAH/RPS10/EPRS1/NAT8L/OTC/DUOX1/PYCR3/SLC25A13/DHTKD1/CKMT1B/PAPSS2/AIMP2/DIO2/SLC6A8/IL4I1/CGA/AZIN2/IARS1/CKM/GLDC/SLC6A11/HAL/RARS1/NMRAL1/SEM1/ACAD8/SRM/BHMT2/ACMSD/MARS1/PSMD11/PSMB4/GPT/RPL17/PSMD14/SCLY/GCSH/PSPH/RPL36A/FTCD/SMOX/QDPR/SLC25A15/SLC5A5/RPS17/DARS1/OAZ3/AHCY/KMO/TDO2/SLC25A21/PSMC4/RPL3L/RPL22L1/EEF1E1/DMGDH/PSMA6/MCCC2/GOT1/ASNS/CTH/DDO/PSMB3/RPL37/ENOPH1/GAMT/SEPHS2/TXNRD1/OAT/PSMA5/SERINC3/APIP/PSMB2/TPO/PSMD3/SMS/PSMB5/PSMC6/RPS2/PYCR2/BCKDK/PSMD12/GOT2/FMO1/KYAT1/BHMT/GSR/HIBADH/RIDA/PSMA1/PSMD1/NAALAD2/SLC6A12/KARS1/ARG2/PSMD2/SDSL/TH/GLS2/PSMD7/AANAT/PSMA2/ARG1/AFMID/SLC45A2/ADRM1/AMD1/OGDH/SDS/PSMC5/OAZ2/GSTZ1/RPLP0/HYKK/SLC36A4/RPL26L1/CBS/RPL8/GLUL/ECHS1/HSD17B10/PPM1K/AZIN1/SLC25A12/ODC1/CARNMT1/RPL12/SLC6A7/MAT1A/HDC/FOLH1/GNMT/OAZ1/AIMP1/IYD/ASS1/RPS18/RPL38/PSMA3/BBOX1/TYRP1/PSMC2/RPS19/ACAT1/HAAO/KYNU/GATM/RPL39/PXMP2/IDO2/RPS7/DIO1/PNMT/RPL30/PSMD13/RPS8/RPL23A/RPL37A/MRI1/TAT/RPS16/SEPSECS/RPS21/DDC/CSAD/PSMB7/HIBCH/PSMA7/RPL36/RPL7/PCBD1/SERINC5/BCKDHA/RPL19/LARS1/PSMA4/CRYM/HOGA1/PSTK/SECISBP2/PAOX/PSMD8/RPS5/AMT/GADL1/RPL6/GLUD1/HPD/MTRR/SLC3A2/RPL29/RPS24/RPSA/SHMT1/SRR/RPL10A/PHGDH/TPH1/RPL27A/PSMC3/LOC102724560/RPL21/RPL18A/BCAT1/RPL35/RPS15A/RPL28/ALDH9A1/ACADSB/IVD/UROC1/RPL18/GCDH/SLC44A1/RPL13A/RPS26/RPL24/RPL4/RPS27L/RPL7A/RIMKLA/CHDH/RPL10/PSMC1/RPS3/AUH/RPL13/PIPOX/RPS4X/RPL41/MTAP/RPLP1/CARNS1/RPS27/ALDH7A1/RPLP2/GLUD2/RPL27/RPL35A/RPL31/CKMT2/ADO/RPL14/RPL15/MCCC1/RPS29/PSMB6/RPS27A/HNMT/FAH/RPS15/RPL32/DIO3",270
"R-HSA-68949","R-HSA-68949","Orc1 removal from chromatin","51/7686","58/11214",0.879310344827586,1.28292820802713,3.18847345569276,0.000530539091683347,0.0160512190647471,0.013799093312874,"CDC6/ORC6/CCNA2/ORC1/CDT1/MCM4/MCM6/MCM2/MCM8/MCM7/SKP2/ORC5/SEM1/MCM3/PSMD11/PSMB4/PSMD14/ORC2/PSMC4/PSMA6/PSMB3/PSMA5/PSMB2/PSMD3/PSMB5/PSMC6/PSMD12/MCM5/PSMA1/PSMD1/PSMD2/PSMD7/PSMA2/ADRM1/PSMC5/CDK2/PSMA3/PSMC2/UBB/ORC4/CCNA1/PSMD13/PSMB7/PSMA7/PSMA4/PSMD8/PSMC3/UBC/PSMC1/PSMB6/RPS27A",51
"R-HSA-1234176","R-HSA-1234176","Oxygen-dependent proline hydroxylation of Hypoxia-inducible Factor Alpha","47/7686","53/11214",0.886792452830189,1.29384472626044,3.16483515669443,0.000569007347124203,0.0166377501016353,0.0143033289398548,"EPAS1/EGLN3/LIMD1/SEM1/PSMD11/PSMB4/PSMD14/PSMC4/PSMA6/PSMB3/PSMA5/ELOC/PSMB2/PSMD3/PSMB5/PSMC6/VHL/PSMD12/PSMA1/PSMD1/PSMD2/PSMD7/PSMA2/HIF1A/ADRM1/PSMC5/PSMA3/PSMC2/UBB/WTIP/UBE2D1/UBE2D3/PSMD13/PSMB7/AJUBA/HIF3A/PSMA7/PSMA4/PSMD8/CUL2/EGLN1/ELOB/PSMC3/UBC/PSMC1/PSMB6/RPS27A",47
"R-HSA-9013149","R-HSA-9013149","RAC1 GTPase cycle","147/7686","185/11214",0.794594594594595,1.15932653965441,3.22517090097966,0.000569922930164191,0.0166377501016353,0.0143033289398548,"IQGAP3/ARHGEF39/DEPDC1B/FGD5/ARHGEF15/CAV1/ARHGAP31/ECT2/FERMT2/PAK1/ARAP3/DLC1/NGEF/DOCK4/WASF3/ARHGEF6/NCF2/ARHGAP24/BAIAP2L1/ARHGEF19/RACGAP1/ARHGAP44/PREX1/NHS/PLEKHG6/PREX2/VAMP3/GARRE1/PIK3R1/ARHGAP30/DOCK11/PAK6/ARAP2/NCKAP1L/CIT/ARHGAP29/YKT6/ARHGAP25/ARHGAP23/WASF1/NOXA1/NOX1/ARAP1/NCF1/DOCK8/CYBB/DOCK6/WASF2/FAM13B/ARHGAP39/ARHGAP33/TMPO/DOCK3/DOCK9/MCF2/ABI2/PLEKHG4/LBR/VANGL1/TFRC/SPATA13/SWAP70/DOCK2/PLEKHG2/PAK3/TRIO/WAS/PIK3R3/ESYT1/MCAM/SLC1A5/SYDE2/ARHGAP17/ARHGAP35/NISCH/ARHGAP32/DEF6/PIK3R2/ARHGAP12/SNAP23/NCF4/PLEKHG1/CHN1/TAGAP/VAV2/PAK5/PLEKHG3/FAM13A/TIAM1/TAOK3/NCKAP1/ARHGAP26/ARHGAP21/ABR/RAB7A/WIPF3/AMIGO2/BCR/CDC42BPA/IQGAP2/ARHGAP15/PKN1/ARHGEF18/DOCK7/IQGAP1/CDC42EP4/SRGAP2/ARHGAP1/MCF2L/CYFIP1/ARHGEF25/BAIAP2/FARP2/SOS2/ABL2/ARHGAP22/GIT1/MYO9B/CDC42/FMNL1/DOCK5/VRK2/BRK1/CHN2/RAC1/ERBIN/ARHGAP10/ARHGDIB/PLD1/JAG1/WIPF1/WASL/SRGAP1/ARHGAP42/DIAPH3/KALRN/CYFIP2/ARHGEF7/PIK3CA/GNA13/ARHGDIA/ARHGEF4/ARHGEF10/TIAM2/GMIP/RASGRF2/LAMTOR1",147
"R-HSA-5693579","R-HSA-5693579","Homologous DNA Pairing and Strand Exchange","39/7686","43/11214",0.906976744186046,1.32329393823866,3.13496413308085,0.000595781374855421,0.0170927622027486,0.0146944988825502,"XRCC2/EXO1/RMI2/BRIP1/CHEK1/DNA2/BLM/RAD51/RFC4/RAD51AP1/RHNO1/PALB2/BARD1/BRCA1/RMI1/RFC5/SEM1/TOPBP1/RFC2/RAD51D/BRCA2/RFC3/RAD9A/RAD51C/RPA3/ATR/XRCC3/KAT5/HUS1/MRE11/RBBP8/RAD1/TOP3A/RAD17/RAD50/RPA2/RAD51B/ATRIP/ATM",39
"R-HSA-1234174","R-HSA-1234174","Cellular response to hypoxia","54/7686","62/11214",0.870967741935484,1.27075621364358,3.15532943907695,0.000622941630437949,0.017569065644894,0.0151039728058015,"EPAS1/CA9/EGLN3/LIMD1/SEM1/PSMD11/PSMB4/PSMD14/PSMC4/PSMA6/PSMB3/PSMA5/ELOC/PSMB2/PSMD3/PSMB5/PSMC6/VHL/PSMD12/CITED2/PSMA1/PSMD1/PSMD2/PSMD7/PSMA2/HIF1A/ADRM1/PSMC5/PSMA3/PSMC2/UBB/WTIP/UBE2D1/UBE2D3/PSMD13/PSMB7/AJUBA/HIF3A/PSMA7/PSMA4/ARNT/PSMD8/CUL2/EGLN1/ELOB/PSMC3/VEGFA/UBC/EP300/PSMC1/HIGD1A/PSMB6/RPS27A/HIF1AN",54
"R-HSA-69190","R-HSA-69190","DNA strand elongation","30/7686","32/11214",0.9375,1.36782786885246,3.0754359664345,0.000667159276255148,0.0185025505948094,0.0159064816917675,"GINS1/CDC45/GINS2/MCM4/DNA2/GINS4/RFC4/FEN1/MCM6/MCM2/MCM8/PRIM2/MCM7/PCNA/LIG1/RFC5/MCM3/RFC2/GINS3/POLD2/RFC3/POLA2/RPA3/PRIM1/MCM5/POLD1/POLA1/RPA2/POLD4/RFC1",30
"R-HSA-69656","R-HSA-69656","Cyclin A:Cdk2-associated events at S phase entry","64/7686","75/11214",0.853333333333333,1.24502732240437,3.14245347706274,0.000688568266400443,0.0186890135362985,0.0160667822595076,"CCNA2/CCNE1/CDC25A/CCNE2/CKS1B/E2F5/E2F1/SKP2/PTK6/SEM1/PSMD11/PSMB4/PSMD14/PSMC4/PSMA6/CDKN1A/PSMB3/CDK7/CDK4/MNAT1/PSMA5/PSMB2/PSMD3/LIN9/TFDP1/PSMB5/PSMC6/AKT3/CABLES1/PSMD12/RBBP4/PSMA1/PSMD1/PSMD2/PSMD7/PSMA2/ADRM1/PSMC5/LIN37/CDK2/RBL2/E2F4/LIN54/PSMA3/PSMC2/UBB/RB1/CCNA1/PSMD13/CDC25B/PSMB7/PSMA7/PSMA4/PSMD8/FZR1/PSMC3/UBC/AKT2/WEE1/PSMC1/CDKN1B/MYC/PSMB6/RPS27A",64
"R-HSA-5357801","R-HSA-5357801","Programmed Cell Death","157/7686","199/11214",0.78894472361809,1.15108328527885,3.17393128614462,0.000696345456280352,0.0186890135362985,0.0160667822595076,"CLSPN/LMNB1/SEPTIN4/ADD1/CDKN2A/DAPK2/DCC/H1-3/DSP/SPTAN1/H1-4/H1-0/TLR4/H1-5/SDCBP/CASP6/TJP1/PPP3CC/DSG2/MAGED1/E2F1/VIM/YWHAZ/SEM1/CASP3/KPNB1/CHMP3/TRAF2/CDH1/PSMD11/PSMB4/UACA/PSMD14/PMAIP1/H1-2/CHMP4C/PSMC4/BMF/AVEN/PDCD6IP/DAPK1/DIABLO/PSMA6/BAK1/BMX/PSMB3/CFLAR/CARD8/CASP1/CASP5/PSMA5/APC/HMGB2/DSG3/APIP/PSMB2/PSMD3/TFDP1/PSMB5/PSMC6/AKT3/RNF103-CHMP3/PSMD12/SATB1/STK26/BCL2L11/PKP1/PSMA1/PSMD1/TP53BP2/DFFB/TNFRSF10A/OGT/PSMD2/YWHAG/CHMP4B/FADD/BBC3/PSMD7/PSMA2/GSN/CASP8/ADRM1/C1QBP/PSMC5/CYCS/OPA1/PTK2/SFN/IL1B/PRKN/PRKCD/MAPK3/IRF1/TRADD/IL1A/ACIN1/PSMA3/TP53/LMNA/ROCK1/PSMC2/XIAP/UBB/DFFA/STAT3/FNTA/PSMD13/DNM1L/PSMB7/YWHAB/TNFSF10/IRF2/PSMA7/APPL1/ITCH/YWHAQ/OMA1/PSMA4/RIPK1/TP63/PSMD8/TNFRSF10B/STK24/DAPK3/DSG1/HMGB1/FAS/MAPK1/BCAP31/CHMP4A/GSDME/TICAM1/PSMC3/UNC5A/HSP90AA1/UBC/IL18/YWHAH/BAX/CD14/AKT2/PLEC/ARHGAP10/CASP7/UNC5B/PSMC1/BID/GAS2/FLOT1/MAPT/CTNNB1/NMT1/PPP1R13B/PSMB6/RPS27A/BIRC3",157
"R-HSA-141424","R-HSA-141424","Amplification of signal from the kinetochores","80/7686","96/11214",0.833333333333333,1.21584699453552,3.13483798483931,0.000743049744178521,0.0193192933486415,0.0166086283279377,"CENPF/CDC20/ERCC6L/NUF2/KIF2C/BUB1B/PLK1/BIRC5/CDCA8/CENPA/SGO1/AURKB/NDC80/ZWINT/CENPI/SPC24/KNL1/KNTC1/SKA1/BUB1/CENPE/CENPU/MAD2L1/CENPK/SPC25/CENPL/SPDL1/NUP85/CENPH/SGO2/RCC2/CENPM/ZWILCH/PPP2CB/INCENP/DSN1/XPO1/CENPO/KIF18A/NUP43/BUB3/NDE1/CKAP5/NDEL1/PAFAH1B1/CENPN/PPP2R5A/NUP107/KIF2A/AHCTF1/CLASP2/SEC13/NUP37/RANGAP1/CENPS/ZW10/ITGB3BP/DYNC1LI1/PPP2R5B/CENPP/NUP133/B9D2/PPP2R1B/SEH1L/PMF1/DYNC1I1/SKA2/PPP2R5E/NSL1/CENPQ/DYNC1LI2/PPP1CC/NUP160/CENPT/CLASP1/MAD1L1/NUDC/PPP2R5D/PPP2R5C/RPS27",80
"R-HSA-141444","R-HSA-141444","Amplification  of signal from unattached  kinetochores via a MAD2  inhibitory signal","80/7686","96/11214",0.833333333333333,1.21584699453552,3.13483798483931,0.000743049744178521,0.0193192933486415,0.0166086283279377,"CENPF/CDC20/ERCC6L/NUF2/KIF2C/BUB1B/PLK1/BIRC5/CDCA8/CENPA/SGO1/AURKB/NDC80/ZWINT/CENPI/SPC24/KNL1/KNTC1/SKA1/BUB1/CENPE/CENPU/MAD2L1/CENPK/SPC25/CENPL/SPDL1/NUP85/CENPH/SGO2/RCC2/CENPM/ZWILCH/PPP2CB/INCENP/DSN1/XPO1/CENPO/KIF18A/NUP43/BUB3/NDE1/CKAP5/NDEL1/PAFAH1B1/CENPN/PPP2R5A/NUP107/KIF2A/AHCTF1/CLASP2/SEC13/NUP37/RANGAP1/CENPS/ZW10/ITGB3BP/DYNC1LI1/PPP2R5B/CENPP/NUP133/B9D2/PPP2R1B/SEH1L/PMF1/DYNC1I1/SKA2/PPP2R5E/NSL1/CENPQ/DYNC1LI2/PPP1CC/NUP160/CENPT/CLASP1/MAD1L1/NUDC/PPP2R5D/PPP2R5C/RPS27",80
"R-HSA-176187","R-HSA-176187","Activation of ATR in response to replication stress","34/7686","37/11214",0.918918918918919,1.34071776694728,3.06393699306831,0.000762218303106008,0.0195127885595138,0.0167749744764545,"CDC25C/CDC6/ORC6/MCM10/CDC45/CHEK1/CLSPN/ORC1/MCM4/CDC25A/RFC4/MCM6/MCM2/DBF4/MCM8/MCM7/RFC5/CDC7/ORC5/MCM3/ORC2/RFC2/RFC3/RAD9A/RPA3/ATR/MCM5/HUS1/CDK2/RAD1/ORC4/RAD17/RPA2/ATRIP",34
"R-HSA-379724","R-HSA-379724","tRNA Aminoacylation","38/7686","42/11214",0.904761904761905,1.32006245120999,3.06719029640986,0.000794160798366236,0.0200224783103245,0.0172131503186557,"TARS2/DARS2/VARS1/GARS1/EPRS1/PARS2/IARS2/AIMP2/EARS2/FARSB/MARS2/IARS1/TARS1/RARS1/MARS1/YARS1/DARS1/SARS2/EEF1E1/HARS2/VARS2/YARS2/AARS2/CARS1/AARS1/KARS1/FARSA/AIMP1/HARS1/LARS1/PPA2/NARS1/LARS2/PPA1/FARS2/WARS2/WARS1/NARS2",38
"R-HSA-69618","R-HSA-69618","Mitotic Spindle Checkpoint","92/7686","112/11214",0.821428571428571,1.19847775175644,3.11578186045014,0.000817550572853083,0.0203045396004109,0.0174556359545537,"CENPF/CDC20/ERCC6L/UBE2C/NUF2/KIF2C/BUB1B/PLK1/BIRC5/CDCA8/CENPA/SGO1/AURKB/NDC80/ZWINT/CENPI/SPC24/KNL1/KNTC1/SKA1/BUB1/CENPE/CENPU/MAD2L1/CENPK/SPC25/CENPL/SPDL1/NUP85/CENPH/SGO2/RCC2/CENPM/ZWILCH/PPP2CB/UBE2S/INCENP/DSN1/XPO1/CENPO/KIF18A/NUP43/BUB3/NDE1/CKAP5/NDEL1/PAFAH1B1/CENPN/PPP2R5A/NUP107/KIF2A/AHCTF1/ANAPC1/ANAPC11/CLASP2/SEC13/NUP37/RANGAP1/CENPS/ZW10/ITGB3BP/DYNC1LI1/PPP2R5B/ANAPC5/CENPP/NUP133/ANAPC16/B9D2/PPP2R1B/SEH1L/PMF1/UBE2D1/DYNC1I1/SKA2/PPP2R5E/NSL1/CENPQ/DYNC1LI2/PPP1CC/NUP160/CENPT/CLASP1/ANAPC4/MAD1L1/NUDC/CDC27/CDC23/PPP2R5D/PPP2R5C/ANAPC10/RPS27/ANAPC15",92
"R-HSA-5619084","R-HSA-5619084","ABC transporter disorders","56/7686","65/11214",0.861538461538462,1.25699873896595,3.06701941973867,0.000903374192360285,0.0221060978836399,0.0190044199290654,"ABCA12/ABCB6/ABCC2/DERL3/ABCB4/ABCA3/SEM1/LMBRD1/PSMD11/PSMB4/PSMD14/PSMC4/PSMA6/PSMB3/RNF185/PSMA5/PSMB2/PSMD3/PSMB5/PSMC6/PSMD12/PSMA1/PSMD1/PSMD2/PSMD7/PSMA2/ADRM1/PSMC5/APOA1/ABCC9/ABCA1/ABCB11/CFTR/PSMA3/PSMC2/DERL2/UBB/ABCG8/PSMD13/PSMB7/ABCC6/PSMA7/PSMA4/PSMD8/KCNJ11/ERLIN2/PSMC3/RNF5/UBC/ABCD1/PSMC1/DERL1/VCP/ERLEC1/PSMB6/RPS27A",56
"R-HSA-9675135","R-HSA-9675135","Diseases of DNA repair","45/7686","51/11214",0.882352941176471,1.28736740597878,3.03584047097355,0.000966091113149696,0.0229272744912958,0.0197103783107736,"XRCC2/EXO1/NEIL3/RMI2/BRIP1/DNA2/BLM/RAD51/RFC4/RAD51AP1/RHNO1/PALB2/BARD1/BRCA1/RMI1/MSH2/RFC5/PMS2/SEM1/TOPBP1/RFC2/MSH6/RAD51D/BRCA2/RFC3/RAD9A/RAD51C/RPA3/ATR/KAT5/HUS1/MRE11/RBBP8/MUTYH/NTHL1/RAD1/TOP3A/RAD17/RAD50/RPA2/RAD51B/MLH1/ATRIP/ATM/NEIL1",45
"R-HSA-8878166","R-HSA-8878166","Transcriptional regulation by RUNX2","88/7686","107/11214",0.822429906542056,1.19993871610234,3.06716553004687,0.000977715344624345,0.0229272744912958,0.0197103783107736,"SMAD6/CCNB1/MMP13/CDK1/PPM1D/COL1A1/RUNX2/DLX6/WWTR1/NKX3-2/PPARGC1B/TWIST1/SKP2/SEM1/PSMD11/BMP2/PSMB4/DLX5/PSMD14/SATB2/PSMC4/RBM14-RBM4/PSMA6/CDKN1A/PSMB3/CDK4/HEY2/PSMA5/PSMB2/PSMD3/PSMB5/PSMC6/AKT3/PSMD12/PSMA1/PSMD1/BGLAP/MSX2/CBFB/PSMD2/STAT1/SOX9/HIVEP3/NR3C1/PSMD7/TWIST2/PSMA2/ADRM1/SRC/PSMC5/RUNX1/HEY1/SMAD4/SMAD1/MAPK3/PSMA3/PSMC2/HDAC3/UBB/RBM14/RB1/ITGA5/HES1/PSMD13/ZNF521/ESR1/PSMB7/HDAC4/PSMA7/PSMA4/IHH/ESRRA/PSMD8/LGALS3/SMURF1/AR/GSK3B/MAPK1/PSMC3/MAF/UBC/BAX/AKT2/PSMC1/PPARGC1A/YAP1/PSMB6/RPS27A",88
"R-HSA-400685","R-HSA-400685","Sema4D in semaphorin signaling","24/7686","25/11214",0.96,1.40065573770492,2.96000569668487,0.000978267120722356,0.0229272744912958,0.0197103783107736,"MYL9/MYH10/RRAS/LIMK1/MYH11/RHOA/ERBB2/MET/ARHGAP35/MYL12A/LIMK2/RHOB/MYL6/ROCK1/RND1/MYH14/MYH9/MYL12B/SEMA4D/ARHGEF12/RAC1/RHOC/ROCK2/PLXNB1",24
"R-HSA-6807070","R-HSA-6807070","PTEN Regulation","103/7686","127/11214",0.811023622047244,1.18329676003614,3.06617146804344,0.00099944543181946,0.023098294424272,0.0198574026585182,"EZH2/SALL4/CBX8/TRIM27/CBX2/CBX4/NR2E1/EGR1/HDAC1/PREX2/SEM1/MTA3/PSMD11/PSMB4/KDM1A/EED/PSMD14/JUN/MOV10/PPARG/PSMC4/RNF146/WWP2/PSMA6/RRAGB/FRK/PSMB3/PSMA5/PSMB2/PSMD3/RRAGA/PSMB5/PSMC6/AKT3/RBBP7/PSMD12/MTA1/SUZ12/SLC38A9/RBBP4/LAMTOR2/RHEB/HDAC2/PSMA1/CSNK2B/PSMD1/PSMD2/CHD4/PSMD7/PSMA2/CSNK2A1/ADRM1/PSMC5/MTA2/AGO4/MTOR/MLST8/MAPK3/CBX6/RNF2/RCOR1/MKRN1/HDAC5/PSMA3/TP53/PSMC2/HDAC3/XIAP/HDAC7/UBB/PTEN/PSMD13/LAMTOR5/PSMB7/RRAGD/PSMA7/ATF2/PSMA4/PSMD8/ATN1/RRAGC/USP13/LAMTOR3/MAPK1/SNAI1/TNRC6A/PSMC3/UBC/TNRC6C/AKT2/PHC1/MECOM/PSMC1/AGO2/MBD3/PHC2/MAF1/TNKS2/USP7/PSMB6/RPS27A/LAMTOR1/REST",103
"R-HSA-8956319","R-HSA-8956319","Nucleotide catabolism","33/7686","36/11214",0.916666666666667,1.33743169398907,2.99296668611652,0.00102889804620393,0.0234361138022265,0.0201478230372127,"ENTPD8/XDH/SAMHD1/ENTPD7/ENTPD2/NT5E/ENTPD6/NUDT1/GDA/ENTPD5/ITPA/NT5C3A/ENTPD4/DNPH1/NT5C1A/NUDT9/TYMP/NUDT5/NT5M/NT5C/NT5C1B/NT5C2/UPP1/DPYD/ENTPD1/UPB1/NUDT16/ADPRM/NUDT18/DPYS/UPP2/ENTPD3/PNP",33
"R-HSA-9675136","R-HSA-9675136","Diseases of DNA Double-Strand Break Repair","37/7686","41/11214",0.902439024390244,1.31667333066773,2.99823266751192,0.00105631522546093,0.0234361138022265,0.0201478230372127,"XRCC2/EXO1/RMI2/BRIP1/DNA2/BLM/RAD51/RFC4/RAD51AP1/RHNO1/PALB2/BARD1/BRCA1/RMI1/RFC5/SEM1/TOPBP1/RFC2/RAD51D/BRCA2/RFC3/RAD9A/RAD51C/RPA3/ATR/KAT5/HUS1/MRE11/RBBP8/RAD1/TOP3A/RAD17/RAD50/RPA2/RAD51B/ATRIP/ATM",37
"R-HSA-9701190","R-HSA-9701190","Defective homologous recombination repair (HRR) due to BRCA2 loss of function","37/7686","41/11214",0.902439024390244,1.31667333066773,2.99823266751192,0.00105631522546093,0.0234361138022265,0.0201478230372127,"XRCC2/EXO1/RMI2/BRIP1/DNA2/BLM/RAD51/RFC4/RAD51AP1/RHNO1/PALB2/BARD1/BRCA1/RMI1/RFC5/SEM1/TOPBP1/RFC2/RAD51D/BRCA2/RFC3/RAD9A/RAD51C/RPA3/ATR/KAT5/HUS1/MRE11/RBBP8/RAD1/TOP3A/RAD17/RAD50/RPA2/RAD51B/ATRIP/ATM",37
"R-HSA-69202","R-HSA-69202","Cyclin E associated events during G1/S transition","62/7686","73/11214",0.849315068493151,1.23916460812935,3.02581985617342,0.00108532328933156,0.0237628678085225,0.0204287306122103,"CCNA2/CCNE1/CDC25A/CCNE2/CKS1B/E2F5/E2F1/SKP2/PTK6/SEM1/PSMD11/PSMB4/PSMD14/PSMC4/PSMA6/CDKN1A/PSMB3/CDK7/CDK4/MNAT1/PSMA5/PSMB2/PSMD3/LIN9/TFDP1/PSMB5/PSMC6/AKT3/CABLES1/PSMD12/RBBP4/PSMA1/PSMD1/PSMD2/PSMD7/PSMA2/ADRM1/PSMC5/LIN37/CDK2/RBL2/E2F4/LIN54/PSMA3/PSMC2/UBB/RB1/CCNA1/PSMD13/PSMB7/PSMA7/PSMA4/PSMD8/PSMC3/UBC/AKT2/WEE1/PSMC1/CDKN1B/MYC/PSMB6/RPS27A",62
"R-HSA-69615","R-HSA-69615","G1/S DNA Damage Checkpoints","48/7686","55/11214",0.872727272727273,1.27332339791356,2.99910955198212,0.00114137409687195,0.0246655389246093,0.0212047491134515,"CCNA2/CHEK1/CCNE1/CDC25A/CDKN2A/CCNE2/CHEK2/SEM1/PSMD11/PSMB4/PSMD14/PSMC4/PSMA6/CDKN1A/PSMB3/PSMA5/PSMB2/PSMD3/PSMB5/PSMC6/PSMD12/PSMA1/PSMD1/PSMD2/PSMD7/PSMA2/ADRM1/PSMC5/CDK2/COP1/PSMA3/TP53/PSMC2/UBB/CCNA1/PSMD13/MDM4/PSMB7/PSMA7/PSMA4/PSMD8/PSMC3/UBC/PSMC1/CDKN1B/ATM/PSMB6/RPS27A",48
"R-HSA-187577","R-HSA-187577","SCF(Skp2)-mediated degradation of p27/p21","44/7686","50/11214",0.88,1.28393442622951,2.96988719489495,0.0012546156937839,0.0267651348007231,0.023009753412312,"CCNA2/CCNE1/CCNE2/CKS1B/SKP2/PTK6/SEM1/PSMD11/PSMB4/PSMD14/PSMC4/PSMA6/CDKN1A/PSMB3/CDK4/PSMA5/PSMB2/PSMD3/PSMB5/PSMC6/PSMD12/PSMA1/PSMD1/PSMD2/PSMD7/PSMA2/ADRM1/PSMC5/CDK2/PSMA3/PSMC2/UBB/CCNA1/PSMD13/PSMB7/PSMA7/PSMA4/PSMD8/PSMC3/UBC/PSMC1/CDKN1B/PSMB6/RPS27A",44
"R-HSA-8939902","R-HSA-8939902","Regulation of RUNX2 expression and activity","51/7686","59/11214",0.864406779661017,1.26118366212837,2.9688211710924,0.00130389543712658,0.0274643292073244,0.0236108447575619,"RUNX2/DLX6/NKX3-2/PPARGC1B/TWIST1/SKP2/SEM1/PSMD11/BMP2/PSMB4/DLX5/PSMD14/PSMC4/PSMA6/PSMB3/PSMA5/PSMB2/PSMD3/PSMB5/PSMC6/PSMD12/PSMA1/PSMD1/MSX2/CBFB/PSMD2/STAT1/HIVEP3/NR3C1/PSMD7/PSMA2/ADRM1/PSMC5/PSMA3/PSMC2/UBB/PSMD13/ESR1/PSMB7/PSMA7/PSMA4/ESRRA/PSMD8/SMURF1/GSK3B/PSMC3/UBC/PSMC1/PPARGC1A/PSMB6/RPS27A",51
"R-HSA-8941858","R-HSA-8941858","Regulation of RUNX3 expression and activity","40/7686","45/11214",0.888888888888889,1.29690346083789,2.94551463081162,0.0013481811333171,0.027695967973329,0.0238099825884072,"CDKN2A/SEM1/PSMD11/PSMB4/PSMD14/PSMC4/PSMA6/PSMB3/PSMA5/PSMB2/PSMD3/PSMB5/PSMC6/PSMD12/PSMA1/PSMD1/CBFB/PSMD2/PSMD7/PSMA2/ADRM1/SRC/PSMC5/PSMA3/PSMC2/TGFB1/UBB/PSMD13/PSMB7/PSMA7/PSMA4/PSMD8/SMURF1/RUNX3/PSMC3/UBC/EP300/PSMC1/PSMB6/RPS27A",40
"R-HSA-9824272","R-HSA-9824272","Somitogenesis","40/7686","45/11214",0.888888888888889,1.29690346083789,2.94551463081162,0.0013481811333171,0.027695967973329,0.0238099825884072,"DLL3/MESP2/SEM1/PSMD11/NOTCH1/PSMB4/PSMD14/PSMC4/PSMA6/PSMB3/PSMA5/PSMB2/PSMD3/TBX6/PSMB5/PSMC6/PSMD12/LFNG/HES7/PSMA1/PSMD1/LEF1/PSMD2/PSMD7/PSMA2/ADRM1/PSMC5/PSMA3/PSMC2/PSMD13/PSMB7/EPHA4/PSMA7/PSMA4/DLL1/PSMD8/PSMC3/PSMC1/CTNNB1/PSMB6",40
"R-HSA-69306","R-HSA-69306","DNA Replication","144/7686","183/11214",0.786885245901639,1.14807847352862,2.98096477604398,0.00139578814119178,0.0277698496013871,0.0238734979809496,"UBE2C/CDC6/ORC6/GINS1/MCM10/CDC45/CCNA2/GINS2/CCNE1/ORC1/H2BC5/CDT1/MCM4/DNA2/POLE2/GINS4/H2BC9/RFC4/H2BC6/FEN1/POLG2/MCM6/H2BC8/MCM2/CCNE2/H2BC7/DBF4/H3C10/H2AC8/TWNK/H4C5/GMNN/H3C12/MGME1/H2BC15/H3C2/H2AX/MCM8/UBE2S/H4C8/H3C3/H2BC17/PRIM2/LIG3/H2BC4/H4C14/H3C8/MCM7/H4C12/H2AC14/PCNA/LIG1/RFC5/SKP2/CDC7/ORC5/H4C9/SEM1/POLE/KPNB1/H2BC11/MCM3/PSMD11/PSMB4/PSMD14/H4C3/ORC2/H2BC12/H2BC13/H4C4/H2BC14/RFC2/PSMC4/GINS3/H2AC20/POLD2/H3C6/PSMA6/RFC3/SSBP1/POLA2/H4C11/PSMB3/H2AC6/RPA3/H3C1/ANAPC1/PSMA5/PSMB2/PSMD3/H4C16/ANAPC11/PSMB5/PSMC6/PRIM1/PSMD12/H2BC21/MCM5/PSMA1/PSMD1/H3C13/PSMD2/PSMD7/PSMA2/POLD1/ADRM1/H3-3A/PSMC5/ANAPC5/CDK2/H3C14/ANAPC16/PSMA3/PSMC2/TOP3A/POLE3/UBB/ORC4/UBE2D1/CCNA1/PSMD13/H3-3B/PSMB7/PSMA7/PSMA4/PSMD8/POLA1/RPA2/POLD4/FZR1/ANAPC4/PSMC3/H2BC26/POLRMT/UBC/CDC27/CDC23/PSMC1/RFC1/ANAPC10/KPNA6/PSMB6/RPS27A/ANAPC15",144
"R-HSA-169911","R-HSA-169911","Regulation of Apoptosis","36/7686","40/11214",0.9,1.31311475409836,2.92803327122029,0.00140184336930079,0.0277698496013871,0.0238734979809496,"SEM1/PSMD11/PSMB4/PSMD14/PSMC4/PSMA6/PSMB3/PSMA5/PSMB2/PSMD3/PSMB5/PSMC6/PSMD12/PSMA1/PSMD1/PSMD2/PSMD7/PSMA2/ADRM1/PSMC5/OPA1/PSMA3/PSMC2/UBB/PSMD13/PSMB7/PSMA7/OMA1/PSMA4/PSMD8/PSMC3/UBC/ARHGAP10/PSMC1/PSMB6/RPS27A",36
"R-HSA-5693616","R-HSA-5693616","Presynaptic phase of homologous DNA pairing and strand exchange","36/7686","40/11214",0.9,1.31311475409836,2.92803327122029,0.00140184336930079,0.0277698496013871,0.0238734979809496,"XRCC2/EXO1/RMI2/BRIP1/CHEK1/DNA2/BLM/RAD51/RFC4/RHNO1/BARD1/BRCA1/RMI1/RFC5/SEM1/TOPBP1/RFC2/RAD51D/BRCA2/RFC3/RAD9A/RAD51C/RPA3/ATR/KAT5/HUS1/MRE11/RBBP8/RAD1/TOP3A/RAD17/RAD50/RPA2/RAD51B/ATRIP/ATM",36
"R-HSA-174154","R-HSA-174154","APC/C:Cdc20 mediated degradation of Securin","47/7686","54/11214",0.87037037037037,1.2698846387371,2.93420033038182,0.00146682546025599,0.0287152654807761,0.0246862637831318,"CDC20/UBE2C/PTTG1/UBE2S/SEM1/PSMD11/PSMB4/PSMD14/PSMC4/PSMA6/PSMB3/ANAPC1/PSMA5/PSMB2/PSMD3/ANAPC11/PSMB5/PSMC6/PSMD12/PSMA1/PSMD1/PSMD2/PSMD7/PSMA2/ADRM1/PSMC5/ANAPC5/ANAPC16/PSMA3/PSMC2/UBB/UBE2D1/PSMD13/PSMB7/PSMA7/PSMA4/PSMD8/ANAPC4/PSMC3/UBC/CDC27/CDC23/PSMC1/ANAPC10/PSMB6/RPS27A/ANAPC15",47
"R-HSA-416482","R-HSA-416482","G alpha (12/13) signalling events","67/7686","80/11214",0.8375,1.2219262295082,2.94018618432896,0.00151863749283409,0.0293838696287898,0.0252610569493455,"ARHGEF39/ARHGEF15/ARHGEF26/ECT2/ARHGEF16/GNGT1/NGEF/GNG4/ARHGEF6/ARHGEF3/NET1/ARHGEF19/ADRA1A/PREX1/BTK/GNB3/FGD3/GNG11/AKAP13/RHOA/ARHGEF37/TBXA2R/ADRA1D/GNGT2/GNG2/GNG7/MCF2/FGD4/ARHGEF17/PLEKHG2/FGD2/TRIO/GNB5/FGD1/ARHGEF2/ARHGEF40/GNG3/RHOB/ROCK1/VAV2/GNG13/TIAM1/ARHGEF38/ARHGEF35/PLEKHG5/GNB4/ABR/ARHGEF18/MCF2L/SOS2/ARHGEF12/ARHGEF33/ADRA1B/RHOC/GNA12/ROCK2/KALRN/GNG5/ARHGEF7/GNG8/GNA13/PLXNB1/ARHGEF4/ARHGEF10/TIAM2/RASGRF2/ARHGEF9",67
"R-HSA-5683057","R-HSA-5683057","MAPK family signaling cascades","237/7686","311/11214",0.762057877813505,1.111854936482,2.95263087599997,0.00157002466963616,0.029915375112191,0.0257179875869607,"ETV4/TEK/RASAL1/SPTBN2/SPTBN1/IL3RA/FGB/HBEGF/CDK1/VWF/IGF2BP1/RASGRP4/PRKG2/SPRED3/PAK1/DUSP9/GRIN1/ACTN2/ANGPT1/FGF19/CALM1/SPTB/IL6/RAP1A/FGFR4/MRAS/ARRB1/PDGFB/ARTN/SPTAN1/FGF10/DAB2IP/ARRB2/FGF2/PPP2CB/TLN1/RASGEF1A/KL/XPO1/ZDHHC9/DUSP4/GRIN2D/EGF/SHC3/PIK3R1/DLG3/FGFR2/GFRA2/SEM1/JAK3/DUSP1/PSMD11/PSMB4/PSMD14/NRG3/GDNF/DUSP8/RAPGEF2/CDC14A/FGA/JUN/MOV10/GFRA3/FGF5/CAMK2A/RET/IL5RA/CNKSR2/FOXO3/PSMC4/CAMK2B/SHC1/NRG1/PPP2R5A/PSMA6/RASGRF1/TGFA/LYPLA1/IL2RA/PSMB3/SPTBN5/RCE1/PSMA5/CSF2RB/PSMB2/PSMD3/IL17RD/ERBB2/PSMB5/PSMC6/FOXO1/EREG/JAK2/IL6R/PSMD12/FGF20/PHB1/ERBB3/PSPN/ERBB4/LAMTOR2/PSMA1/PSMD1/PEBP1/PAK3/CNKSR1/JAK1/IL6ST/RANBP9/GFRA1/PSMD2/FYN/PRKACA/VCL/NEFL/PSMD7/ICMT/PSMA2/MET/RGL1/PEA15/KRAS/HSPB1/ADRM1/PPP2R5B/SRC/PSMC5/DNAJB1/MAPK6/NF1/APBB1IP/PTK2/PTPN7/AGO4/CCND3/PIK3R2/ITGB3/ABHD17C/DUSP7/RASAL2/MAPK3/MAPK4/FGF7/PAQR3/MAPKAPK5/PPP2R1B/PSMA3/DUSP16/PDGFA/PSMC2/IRS1/RGL3/UBB/GRB2/FNTA/FNTB/NRTN/HGF/KLB/PSMD13/LAT/PPP2R5E/MAP3K11/BRAP/PSMB7/YWHAB/DLG4/MAPK12/NRG2/PSMA7/ABHD17A/PSMA4/SPTBN4/PSMD8/PDE6D/ACTG1/PPP1CC/FRS3/DUSP5/IQGAP1/RASGRP1/TYK2/DUSP10/KSR2/LAMTOR3/MAPK1/EPGN/RASA3/ARL2/KSR1/TNRC6A/FGF8/RGL2/FGFR1/RAP1B/PSMC3/CDC42/FGG/ABHD17B/UBC/RAC1/TNRC6C/PTPN11/SPRED1/FGF18/PTPRA/NCOA3/PSMC1/PPP2R5D/AGO2/SHOC2/SEPTIN7/SYNGAP1/ARAF/PPP2R5C/PDGFRA/PPP5C/KALRN/EGFR/IL2/WDR83/NRAS/PIK3CA/NRG4/SHC2/RAF1/FLT3/MYC/CDC42EP5/RASGRF2/CDC42EP3/CSF2/PSMB6/MAP2K2/RASA4/RPS27A/HRAS",237
"R-HSA-176408","R-HSA-176408","Regulation of APC/C activators between G1/S and early anaphase","57/7686","67/11214",0.850746268656716,1.24125275263029,2.92332762714583,0.00158206310689472,0.029915375112191,0.0257179875869607,"CDC20/UBE2C/BUB1B/PLK1/CCNB1/CCNA2/MAD2L1/CDK1/UBE2S/BUB3/SEM1/PSMD11/PSMB4/PSMD14/PSMC4/PSMA6/FBXO5/PSMB3/ANAPC1/PSMA5/PSMB2/PSMD3/ANAPC11/PSMB5/PSMC6/PSMD12/PSMA1/PSMD1/PSMD2/PSMD7/PSMA2/ADRM1/PSMC5/ANAPC5/CDK2/ANAPC16/PSMA3/PSMC2/UBB/UBE2D1/CCNA1/PSMD13/PSMB7/PSMA7/PSMA4/PSMD8/FZR1/ANAPC4/PSMC3/UBC/CDC27/CDC23/PSMC1/ANAPC10/PSMB6/RPS27A/ANAPC15",57
"R-HSA-199977","R-HSA-199977","ER to Golgi Anterograde Transport","123/7686","155/11214",0.793548387096774,1.15780010576415,2.9198599617419,0.00171527078742488,0.0320697819132023,0.0275701123608565,"SPTBN2/TUBB3/SPTBN1/KDELR3/F8/SEC22C/TUBB1/GRIA1/COL7A1/TUBB2B/SPTB/KDELR2/NSF/SPTAN1/COG2/TMED3/TFG/SEC24D/COPA/TUBB6/BET1/PPP6C/YKT6/TUBB8/ARFGAP1/GORASP1/PREB/TMED2/COPG1/COPB2/F5/TUBA1A/TUBA1C/TMED9/TUBB4A/TGFA/SEC24A/TUBA4A/CD59/SPTBN5/KDELR1/LMAN1/TUBA3D/TUBB2A/TBC1D20/SEC13/SEC31A/COPB1/DCTN5/TUBAL3/ARCN1/DYNC1LI1/COG1/ARF4/MIA3/GOLGA2/SCFD1/DCTN1/SEC22B/COG5/ANK3/GOSR2/NAPA/SEC23A/LMAN2/ACTR1A/COPG2/ANK1/MIA2/ARF1/SEC23IP/CNIH3/COG7/RAB1A/TUBA8/COG6/TMEM115/DCTN6/DYNC1I1/COPZ1/DCTN3/USO1/CNIH2/TRAPPC2/SPTBN4/ARFGAP3/NAPG/SEC16A/COPE/BET1L/TRAPPC4/COG4/DYNC1LI2/CTSZ/GOSR1/CAPZA1/ARF5/PPP6R3/STX17/ANK2/ARFGAP2/CSNK1D/COG3/TRAPPC3/DCTN4/FOLR1/SAR1B/CD55/TMED10/GBF1/TRAPPC9/PPP6R1/SEC24C/RAB1B/DCTN2/CTSC/SEC31B/SEC16B/NAPB/TRAPPC5/TRAPPC6B/LMAN2L/CAPZA2",123
"R-HSA-69541","R-HSA-69541","Stabilization of p53","39/7686","44/11214",0.886363636363636,1.29321907600596,2.87633049331445,0.00176380305122209,0.0326107586359284,0.0280351853404774,"CDKN2A/CHEK2/SEM1/PSMD11/PSMB4/PSMD14/PSMC4/PSMA6/PSMB3/PSMA5/PSMB2/PSMD3/PSMB5/PSMC6/PSMD12/PSMA1/PSMD1/PSMD2/PSMD7/PSMA2/ADRM1/PSMC5/COP1/PSMA3/TP53/PSMC2/UBB/PSMD13/MDM4/PSMB7/PSMA7/PSMA4/PSMD8/PSMC3/UBC/PSMC1/ATM/PSMB6/RPS27A",39
"R-HSA-75815","R-HSA-75815","Ubiquitin-dependent degradation of Cyclin D","35/7686","39/11214",0.897435897435897,1.30937368642287,2.85652956149151,0.00185601123380739,0.0332905751507194,0.028619617680812,"SEM1/PSMD11/PSMB4/PSMD14/PSMC4/PSMA6/PSMB3/CDK4/PSMA5/PSMB2/PSMD3/PSMB5/PSMC6/PSMD12/PSMA1/PSMD1/PSMD2/PSMD7/PSMA2/ADRM1/PSMC5/PSMA3/PSMC2/UBB/PSMD13/PSMB7/PSMA7/PSMA4/PSMD8/GSK3B/PSMC3/UBC/PSMC1/PSMB6/RPS27A",35
"R-HSA-174084","R-HSA-174084","Autodegradation of Cdh1 by Cdh1:APC/C","46/7686","53/11214",0.867924528301887,1.26631611506341,2.86834007359359,0.00188059739433151,0.0332905751507194,0.028619617680812,"UBE2C/UBE2S/SEM1/PSMD11/PSMB4/PSMD14/PSMC4/PSMA6/PSMB3/ANAPC1/PSMA5/PSMB2/PSMD3/ANAPC11/PSMB5/PSMC6/PSMD12/PSMA1/PSMD1/PSMD2/PSMD7/PSMA2/ADRM1/PSMC5/ANAPC5/ANAPC16/PSMA3/PSMC2/UBB/UBE2D1/PSMD13/PSMB7/PSMA7/PSMA4/PSMD8/FZR1/ANAPC4/PSMC3/UBC/CDC27/CDC23/PSMC1/ANAPC10/PSMB6/RPS27A/ANAPC15",46
"R-HSA-69563","R-HSA-69563","p53-Dependent G1 DNA Damage Response","46/7686","53/11214",0.867924528301887,1.26631611506341,2.86834007359359,0.00188059739433151,0.0332905751507194,0.028619617680812,"CCNA2/CCNE1/CDKN2A/CCNE2/CHEK2/SEM1/PSMD11/PSMB4/PSMD14/PSMC4/PSMA6/CDKN1A/PSMB3/PSMA5/PSMB2/PSMD3/PSMB5/PSMC6/PSMD12/PSMA1/PSMD1/PSMD2/PSMD7/PSMA2/ADRM1/PSMC5/CDK2/COP1/PSMA3/TP53/PSMC2/UBB/CCNA1/PSMD13/MDM4/PSMB7/PSMA7/PSMA4/PSMD8/PSMC3/UBC/PSMC1/CDKN1B/ATM/PSMB6/RPS27A",46
"R-HSA-69580","R-HSA-69580","p53-Dependent G1/S DNA damage checkpoint","46/7686","53/11214",0.867924528301887,1.26631611506341,2.86834007359359,0.00188059739433151,0.0332905751507194,0.028619617680812,"CCNA2/CCNE1/CDKN2A/CCNE2/CHEK2/SEM1/PSMD11/PSMB4/PSMD14/PSMC4/PSMA6/CDKN1A/PSMB3/PSMA5/PSMB2/PSMD3/PSMB5/PSMC6/PSMD12/PSMA1/PSMD1/PSMD2/PSMD7/PSMA2/ADRM1/PSMC5/CDK2/COP1/PSMA3/TP53/PSMC2/UBB/CCNA1/PSMD13/MDM4/PSMB7/PSMA7/PSMA4/PSMD8/PSMC3/UBC/PSMC1/CDKN1B/ATM/PSMB6/RPS27A",46
"R-HSA-76002","R-HSA-76002","Platelet activation, signaling and aggregation","201/7686","262/11214",0.767175572519084,1.11932173695407,2.88449843538158,0.00196902330423673,0.0344889976657886,0.029649891085404,"PECAM1/PRKCE/CLEC3B/FGB/F8/VWF/SPP2/SELP/COL1A1/GNAQ/MPIG6B/GNGT1/CD36/MANF/SERPINA4/RAPGEF4/ABHD6/VEGFD/PTPN1/ACTN2/P2RY1/PRKCH/GNG4/TIMP3/A2M/GAS6/CFD/MMRN1/CALM1/RAP1A/PHACTR2/GP9/ALB/ARRB1/PDGFB/F2RL3/PROS1/TIMP1/SERPING1/ARRB2/TLN1/THPO/PLA2G4A/HSPA5/GNAI2/OLA1/F2/GNB3/EGF/SELENOP/PIK3R1/ITIH3/GNG11/DGKI/YWHAZ/CALU/PIK3R5/GTPBP2/FAM3C/TF/CRK/RHOA/FGA/FCER1G/DGKA/GNA11/F5/COL1A2/TBXA2R/PDPN/ALDOA/SHC1/GNGT2/PRKCG/VTI1B/GNG2/PCDH7/FERMT3/TUBA4A/LEFTY2/GNG7/RASGRP2/AHSG/PTPN6/CLEC1B/ECM1/HRG/PF4/SRGN/BRPF3/RARRES2/TRPC3/ORM2/PPIA/PRKCZ/PIK3R3/PPBP/FYN/VCL/LGALS3BP/GNB5/TMSB4X/KNG1/SRC/CHID1/CD9/APOA1/P2RY12/RAPGEF3/ANXA5/TGFB2/APBB1IP/PSAP/DGKK/PTK2/MPL/RHOG/PLEK/ADRA2A/CTSW/PIK3R2/ITGB3/PRKCD/CYRIB/ABHD12/MAPK3/F2RL2/MGLL/SOD1/GNG3/PLCG2/RHOB/LCP2/AAMP/STXBP2/PRKCB/PDGFA/THBS1/VAV2/APLP2/GNG13/TGFB1/FLNA/GRB2/DGKQ/ITPR1/RAB27B/PIK3CG/HGF/ORM1/LAT/GNB4/DAGLB/GP5/STX4/HABP4/SCCPDH/ACTN4/ISLR/CDC37L1/DGKB/RAC2/SYK/TMX3/RASGRP1/ITIH4/ENDOD1/F2R/MAPK1/RAP1B/SCG3/VEGFA/CDC42/FGG/SERPINE1/RAC1/ADRA2C/CFL1/PTPN11/PDPK1/LYN/DGKZ/GNA12/GNAI1/GP6/TRPC6/STXBP3/DGKE/GP1BA/PRKCA/VEGFC/MAGED2/DGKG/GNG5/GNG8/PIK3CA/GNA13/RAF1/ITPR3/QSOX1/APP",201
"R-HSA-5678895","R-HSA-5678895","Defective CFTR causes cystic fibrosis","42/7686","48/11214",0.875,1.27663934426229,2.83486620293353,0.00210085560779919,0.0351645414314991,0.0302306501805461,"DERL3/SEM1/PSMD11/PSMB4/PSMD14/PSMC4/PSMA6/PSMB3/RNF185/PSMA5/PSMB2/PSMD3/PSMB5/PSMC6/PSMD12/PSMA1/PSMD1/PSMD2/PSMD7/PSMA2/ADRM1/PSMC5/CFTR/PSMA3/PSMC2/DERL2/UBB/PSMD13/PSMB7/PSMA7/PSMA4/PSMD8/ERLIN2/PSMC3/RNF5/UBC/PSMC1/DERL1/VCP/ERLEC1/PSMB6/RPS27A",42
"R-HSA-9925563","R-HSA-9925563","Developmental Lineage of Pancreatic Ductal Cells","42/7686","48/11214",0.875,1.27663934426229,2.83486620293353,0.00210085560779919,0.0351645414314991,0.0302306501805461,"COL11A1/ONECUT1/COL1A1/PDX1/COL3A1/CLDN10/COL5A2/COL24A1/COL5A1/ANXA3/LAMB2/TFPI2/LAMC3/COL1A2/KRT17/COL2A1/LAMA4/KRT19/NKX6-1/CA2/AQP1/COL11A2/LAMB3/SOX9/LAMA2/KRT23/CD74/CFTR/COL27A1/ERICH5/PROM1/LAMC2/GATA4/LAMA3/KRT7/COL5A3/LAMA1/FOXA2/ANXA2/VTN/YAP1/ANXA1",42
"R-HSA-6784531","R-HSA-6784531","tRNA processing in the nucleus","49/7686","57/11214",0.859649122807018,1.25424216278401,2.8402600062527,0.00210932854162117,0.0351645414314991,0.0302306501805461,"CSTF2/RPP40/NUP85/NUP155/NDC1/NUP43/TSEN54/XPOT/POP1/RAE1/NUP210/CPSF1/CPSF4/NUP62/NUP42/NUP107/POP7/NUP205/NUP88/RTRAF/NUP35/SEC13/NUP37/RAN/AAAS/TSEN34/TPR/RPP14/NUP133/POP5/NUP93/SEH1L/TSEN15/RPP21/RPP38/NUP50/POP4/ZBTB8OS/RPP30/DDX1/NUP160/ELAC2/RPP25/TRNT1/NUP54/NUP58/NUP188/TSEN2/CLP1",49
"R-HSA-195253","R-HSA-195253","Degradation of beta-catenin by the destruction complex","59/7686","70/11214",0.842857142857143,1.22974238875878,2.84587888592258,0.00211325369179682,0.0351645414314991,0.0302306501805461,"PPP2CB/HDAC1/SEM1/PSMD11/PSMB4/PSMD14/PSMC4/PPP2R5A/PSMA6/TLE4/PSMB3/PSMA5/APC/PSMB2/PSMD3/PSMB5/PSMC6/CTBP2/PSMD12/AXIN1/TLE5/PSMA1/PSMD1/LEF1/PSMD2/PSMD7/PSMA2/ADRM1/PPP2R5B/PSMC5/PPP2R1B/PSMA3/ZRANB1/CTBP1/PSMC2/UBB/PSMD13/PPP2R5E/PSMB7/TLE3/PSMA7/PSMA4/FRAT1/TCF7L2/PSMD8/TLE1/GSK3B/PSMC3/UBC/FRAT2/TCF7L1/AMER1/PSMC1/PPP2R5D/TLE2/PPP2R5C/CTNNB1/PSMB6/RPS27A",59
"R-HSA-5685942","R-HSA-5685942","HDR through Homologous Recombination (HRR)","59/7686","70/11214",0.842857142857143,1.22974238875878,2.84587888592258,0.00211325369179682,0.0351645414314991,0.0302306501805461,"XRCC2/EXO1/RMI2/BRIP1/CHEK1/EME1/FIRRM/DNA2/POLE2/BLM/RAD51/FIGNL1/RFC4/RAD51AP1/RHNO1/PALB2/BARD1/GEN1/BRCA1/RMI1/PCNA/RFC5/SEM1/POLE/TOPBP1/RFC2/POLD2/RAD51D/BRCA2/RFC3/RTEL1/RAD9A/RAD51C/EME2/RPA3/SLX4/ATR/XRCC3/KAT5/HUS1/MRE11/MUS81/RBBP8/POLD1/RAD1/TOP3A/POLE3/UBB/RAD17/RAD50/RPA2/POLD4/UBC/POLK/RAD51B/ATRIP/RFC1/ATM/RPS27A",59
"R-HSA-5684996","R-HSA-5684996","MAPK1/MAPK3 signaling","208/7686","272/11214",0.764705882352941,1.11571841851495,2.85157894488075,0.00219925098399394,0.0362332043303556,0.0311493703725665,"TEK/RASAL1/SPTBN2/SPTBN1/IL3RA/FGB/HBEGF/CDK1/VWF/RASGRP4/PRKG2/SPRED3/DUSP9/GRIN1/ACTN2/ANGPT1/FGF19/CALM1/SPTB/IL6/RAP1A/FGFR4/MRAS/ARRB1/PDGFB/ARTN/SPTAN1/FGF10/DAB2IP/ARRB2/FGF2/PPP2CB/TLN1/RASGEF1A/KL/ZDHHC9/DUSP4/GRIN2D/EGF/SHC3/PIK3R1/DLG3/FGFR2/GFRA2/SEM1/JAK3/DUSP1/PSMD11/PSMB4/PSMD14/NRG3/GDNF/DUSP8/RAPGEF2/FGA/GFRA3/FGF5/CAMK2A/RET/IL5RA/CNKSR2/PSMC4/CAMK2B/SHC1/NRG1/PPP2R5A/PSMA6/RASGRF1/TGFA/LYPLA1/IL2RA/PSMB3/SPTBN5/RCE1/PSMA5/CSF2RB/PSMB2/PSMD3/IL17RD/ERBB2/PSMB5/PSMC6/EREG/JAK2/IL6R/PSMD12/FGF20/PHB1/ERBB3/PSPN/ERBB4/LAMTOR2/PSMA1/PSMD1/PEBP1/CNKSR1/JAK1/IL6ST/RANBP9/GFRA1/PSMD2/FYN/VCL/NEFL/PSMD7/ICMT/PSMA2/MET/RGL1/PEA15/KRAS/ADRM1/PPP2R5B/SRC/PSMC5/NF1/APBB1IP/PTK2/PTPN7/PIK3R2/ITGB3/ABHD17C/DUSP7/RASAL2/MAPK3/FGF7/PAQR3/PPP2R1B/PSMA3/DUSP16/PDGFA/PSMC2/IRS1/RGL3/UBB/GRB2/FNTA/FNTB/NRTN/HGF/KLB/PSMD13/LAT/PPP2R5E/MAP3K11/BRAP/PSMB7/YWHAB/DLG4/MAPK12/NRG2/PSMA7/ABHD17A/PSMA4/SPTBN4/PSMD8/PDE6D/ACTG1/PPP1CC/FRS3/DUSP5/IQGAP1/RASGRP1/TYK2/DUSP10/KSR2/LAMTOR3/MAPK1/EPGN/RASA3/ARL2/KSR1/FGF8/RGL2/FGFR1/RAP1B/PSMC3/FGG/ABHD17B/UBC/PTPN11/SPRED1/FGF18/PTPRA/PSMC1/PPP2R5D/SHOC2/SYNGAP1/ARAF/PPP2R5C/PDGFRA/PPP5C/EGFR/IL2/WDR83/NRAS/PIK3CA/NRG4/SHC2/RAF1/FLT3/RASGRF2/CSF2/PSMB6/MAP2K2/RASA4/RPS27A/HRAS",208
"R-HSA-69205","R-HSA-69205","G1/S-Specific Transcription","26/7686","28/11214",0.928571428571429,1.35480093676815,2.77442621194212,0.00236066338173076,0.0385112143843136,0.0331077557871218,"CDC6/RRM2/CDC45/CCNE1/ORC1/CDT1/TK1/CDK1/E2F5/TYMS/HDAC1/PCNA/E2F1/DHFR/RBL1/FBXO5/LIN9/TFDP1/RBBP4/E2F6/LIN37/RBL2/E2F4/LIN54/CCNA1/POLA1",26
"R-HSA-383280","R-HSA-383280","Nuclear Receptor transcription pathway","45/7686","52/11214",0.865384615384615,1.26261034047919,2.80149143088273,0.00240515827514573,0.0388465022902779,0.0333959998813814,"HNF4G/NR2E1/THRA/NR4A3/PGR/NR2F6/NR2C2AP/NR0B1/PPARG/RXRG/NR4A1/RXRA/NR5A2/HNF4A/NR5A1/RORA/THRB/NR1I2/RARA/NR1I3/NR3C2/NR3C1/NR2F1/VDR/NR2E3/NR1H2/NRBP1/NR4A2/ESR1/NR1D1/RARB/MED1/ESRRA/PPARD/AR/RORC/PPARA/NR1D2/NR1H4/NR2C1/RARG/NCOR2/NCOR1/NR1H3/ESR2",45
"R-HSA-8878159","R-HSA-8878159","Transcriptional regulation by RUNX3","71/7686","86/11214",0.825581395348837,1.20453678993519,2.8103403296277,0.00243483413115933,0.0388465022902779,0.0333959998813814,"SPP1/KAT2A/CDKN2A/KAT2B/CCN2/WWTR1/SEM1/PSMD11/NOTCH1/PSMB4/PSMD14/ITGAL/FOXO3/PSMC4/PSMA6/CDKN1A/PSMB3/PSMA5/PSMB2/PSMD3/PSMB5/PSMC6/PSMD12/BCL2L11/PSMA1/PSMD1/LEF1/CBFB/PSMD2/PSMD7/PSMA2/KRAS/ADRM1/SRC/PSMC5/RUNX1/SMAD4/PSMA3/TP53/MAML2/PSMC2/TGFB1/UBB/HES1/PSMD13/TEAD1/TEAD3/TEAD4/PSMB7/HDAC4/PSMA7/MAML3/PSMA4/TCF7L2/PSMD8/SMURF1/RUNX3/PSMC3/RORC/UBC/TCF7L1/TEAD2/EP300/PSMC1/JAG1/ITGA4/CTNNB1/YAP1/MYC/PSMB6/RPS27A",71
"R-HSA-5173214","R-HSA-5173214","O-glycosylation of TSR domain-containing proteins","34/7686","38/11214",0.894736842105263,1.30543572044866,2.78365392283414,0.00245125164692258,0.0388465022902779,0.0333959998813814,"THSD1/ADAMTS14/ADAMTS8/ADAMTS1/SEMA5A/THBS2/ADAMTSL3/CFP/ADAMTSL4/SBSPON/ADAMTS12/ADAMTS16/ADAMTS20/ADAMTS15/ADAMTSL5/THSD4/ADAMTS18/ADAMTS4/POFUT2/ADAMTS9/ADAMTS2/THBS1/ADAMTS6/SPON1/ADAMTSL1/ADAMTSL2/ADAMTS13/SPON2/ADAMTS17/SEMA5B/THSD7A/ADAMTS5/THSD7B/ADAMTS3",34
"R-HSA-397014","R-HSA-397014","Muscle contraction","159/7686","205/11214",0.775609756097561,1.13162734906038,2.80734600318618,0.00253361961744306,0.0397730475794835,0.0341925428014411,"TNNC1/SCN4B/NPR1/FXYD6/SCN8A/PAK1/MYL9/ACTN2/DES/CALM1/LMOD1/KCNA5/CASQ2/FGF11/SORBS1/PDE5A/KCNIP1/SCN7A/KAT2B/TLN1/TMOD1/GUCY1A2/TBX5/SORBS3/ATP1A2/MME/TNNT1/WWTR1/ATP2A1/CAV3/KCND2/VIM/SCN4A/TRIM72/ATP1B2/MYH11/MYL6B/CACNA2D2/MYBPC1/KCNE4/MYL3/KCNK3/NPR2/SCN2B/ALDH2/TMOD3/KCNK12/MYLK/ATP2A2/TNNC2/KCNK5/TMOD2/CAMK2A/MYH6/KCNK9/ATP1B1/CAMK2B/KCNK1/NEB/CACNA1I/TNNI3/KCNE1/SLC8A3/ANXA6/SCN1A/MYBPC2/ASPH/TNNI2/HIPK1/ACTG2/MYL4/FGF14/ITGA1/SLC8A1/PRKACA/VCL/SCN5A/TNNI1/TNNT3/DYSF/ATP1A3/CLIC2/DMD/KCNH2/SCN3B/SLC8A2/KCNK2/ATP1B3/SCN11A/KCNK10/KCND1/MYL12A/ABCC9/KCNK15/CORIN/ORAI1/CACNA1G/PLN/TNNT2/NOS1/ATP2B4/MYL6/GUCY1A1/TPM4/CACNA1C/SCN3A/FGF13/FKBP1B/KCNIP3/ITPR1/ORAI2/MYL11/NPPC/SCN1B/KCNJ14/CALD1/CACNG6/KCNK17/RYR2/CACNB1/KCNJ2/GUCY1B1/KCNIP4/GATA4/TCAP/ATP2A3/CES1/KCNJ11/SLN/MYL12B/SRI/ATP1A1/FXYD4/ANXA2/PXN/KCNK13/ACTN3/CACNG4/ACTA2/MYL5/TPM3/KCNQ1/ITGB5/ATP2B1/ACTC1/ATP1A4/STIM1/CACNG8/FXYD2/RYR1/KCND3/TPM1/KCNIP2/ATP2B3/KCNE5/KCNK16/ITPR3/FXYD3/ANXA1",159
"R-HSA-157118","R-HSA-157118","Signaling by NOTCH","175/7686","227/11214",0.770925110132159,1.12479237379938,2.8035494787001,0.00256965648417896,0.0399617606511569,0.0343547777865146,"DLGAP5/MDK/H2BC5/KAT2A/NOTCH4/E2F3/H2BC9/H2BC6/MFNG/TACC3/PTCRA/H2BC8/H2BC7/H3C10/H2AC8/H4C5/H3C12/ARRB1/ARRB2/H2BC15/H3C2/KAT2B/H2AX/H4C8/H3C3/H2BC17/FLT4/H2BC4/H4C14/DTX2/H3C8/EGF/ATP2A1/H4C12/HDAC1/H2AC14/E2F1/YWHAZ/H4C9/SEM1/H2BC11/NUMB/PSMD11/APH1B/NOTCH1/PSMB4/PSMD14/H4C3/TMED2/ATP2A2/H2BC12/JUN/MOV10/H2BC13/H4C4/H2BC14/HDAC10/HEYL/PSMC4/H2AC20/H3C6/WWP2/PSMA6/H4C11/TLE4/PSEN2/PSMB3/H2AC6/HEY2/H3C1/TBL1X/PSMA5/PSMB2/PSMD3/H4C16/TBL1XR1/TFDP1/DLK1/PSMB5/PSMC6/DLL4/WWC1/PSMD12/LFNG/CDK8/H2BC21/FABP7/HDAC2/PSMA1/PSMD1/H3C13/HDAC8/PSMD2/ST3GAL3/STAT1/NOTCH3/PSMD7/PSMA2/HIF1A/RFNG/ADRM1/H3-3A/ST3GAL6/PSMC5/RUNX1/APH1A/HEY1/AGO4/FURIN/H3C14/PSENEN/PBX1/HDAC5/PSMA3/TP53/MAML2/PSMC2/HDAC3/HDAC7/UBB/NEURL1/HES1/SIRT6/B4GALT1/PSMD13/POFUT1/IKZF1/H3-3B/PSMB7/ELF3/TLE3/HDAC4/PSMA7/ITCH/MAML3/PSMA4/FBXW7/DLL1/PSMD8/ATP2A3/NCSTN/TLE1/RAB6A/TNRC6A/PLXND1/PSMC3/H2BC26/ADAM10/ACTA2/UBC/ADAM17/TNRC6C/DNER/CCNC/DTX4/EP300/PSMC1/AGO2/JAG1/TLE2/NCOR2/NCOR1/HDAC9/MIB1/EGFR/MYC/NEURL1B/HDAC11/ST3GAL4/PSMB6/RPS27A/DTX1/FCER2/YBX1/JAG2",175
"R-HSA-948021","R-HSA-948021","Transport to the Golgi and subsequent modification","145/7686","186/11214",0.779569892473118,1.13740525295258,2.7890624730172,0.00268669456103577,0.0413949976811437,0.0355869191856492,"SPTBN2/TUBB3/SPTBN1/ST8SIA6/KDELR3/F8/SEC22C/TUBB1/MGAT3/FUT3/GRIA1/B4GALT2/COL7A1/TUBB2B/SPTB/FUT8/B4GALT3/KDELR2/NSF/SPTAN1/COG2/TMED3/CGA/TFG/SEC24D/COPA/TUBB6/BET1/PPP6C/YKT6/B4GALT4/TUBB8/ST8SIA2/ARFGAP1/GORASP1/PREB/TMED2/COPG1/COPB2/LHB/F5/TUBA1A/TUBA1C/TMED9/MGAT1/TUBB4A/TGFA/SEC24A/TUBA4A/CD59/SPTBN5/KDELR1/LMAN1/TUBA3D/TUBB2A/TBC1D20/SEC13/SEC31A/COPB1/DCTN5/TUBAL3/ARCN1/DYNC1LI1/MAN1A1/MGAT4B/COG1/ARF4/MIA3/GOLGA2/MAN2A1/SCFD1/MAN1C1/DCTN1/SEC22B/COG5/ANK3/GOSR2/NAPA/SEC23A/LMAN2/ACTR1A/COPG2/ANK1/MIA2/ARF1/SEC23IP/CNIH3/COG7/RAB1A/TUBA8/COG6/TMEM115/MAN1A2/B4GALT1/DCTN6/DYNC1I1/MAN2A2/COPZ1/DCTN3/USO1/CNIH2/TRAPPC2/SPTBN4/ARFGAP3/NAPG/SEC16A/MGAT4C/COPE/BET1L/TRAPPC4/COG4/DYNC1LI2/CTSZ/GOSR1/CAPZA1/ARF5/PPP6R3/STX17/ANK2/ARFGAP2/CSNK1D/COG3/MGAT4A/TRAPPC3/DCTN4/FOLR1/SAR1B/CD55/TMED10/GBF1/TRAPPC9/PPP6R1/SEC24C/RAB1B/DCTN2/CTSC/SEC31B/SEC16B/NAPB/CHST10/TRAPPC5/TRAPPC6B/ST3GAL4/LMAN2L/CAPZA2",145
"R-HSA-4641257","R-HSA-4641257","Degradation of AXIN","37/7686","42/11214",0.880952380952381,1.28532396565183,2.73428793497025,0.00299625798596165,0.0457410393453228,0.0393231733744267,"SEM1/PSMD11/PSMB4/PSMD14/PSMC4/RNF146/PSMA6/PSMB3/PSMA5/PSMB2/PSMD3/PSMB5/PSMC6/PSMD12/AXIN1/PSMA1/PSMD1/PSMD2/PSMD7/PSMA2/ADRM1/PSMC5/AXIN2/PSMA3/PSMC2/UBB/PSMD13/PSMB7/PSMA7/PSMA4/PSMD8/PSMC3/UBC/PSMC1/TNKS2/PSMB6/RPS27A",37
"R-HSA-75153","R-HSA-75153","Apoptotic execution phase","44/7686","51/11214",0.862745098039216,1.25875924140148,2.7336147417603,0.00306819877205596,0.0464134796063738,0.0399012644136273,"CLSPN/LMNB1/ADD1/H1-3/DSP/SPTAN1/H1-4/H1-0/H1-5/CASP6/TJP1/DSG2/VIM/CASP3/KPNB1/CDH1/H1-2/BMX/APC/HMGB2/DSG3/SATB1/STK26/PKP1/DFFB/GSN/CASP8/PTK2/PRKCD/ACIN1/LMNA/ROCK1/DFFA/FNTA/DNM1L/STK24/DSG1/HMGB1/BCAP31/PLEC/CASP7/GAS2/MAPT/CTNNB1",44
"R-HSA-5693554","R-HSA-5693554","Resolution of D-loop Structures through Synthesis-Dependent Strand Annealing (SDSA)","25/7686","27/11214",0.925925925925926,1.35094110503947,2.69467327515524,0.0032205064812037,0.0467223118446231,0.0401667648006344,"XRCC2/EXO1/RMI2/BRIP1/DNA2/BLM/RAD51/RAD51AP1/PALB2/BARD1/BRCA1/RMI1/SEM1/RAD51D/BRCA2/RTEL1/RAD51C/XRCC3/KAT5/MRE11/RBBP8/TOP3A/RAD50/RAD51B/ATM",25
"R-HSA-9615933","R-HSA-9615933","Postmitotic nuclear pore complex (NPC) reformation","25/7686","27/11214",0.925925925925926,1.35094110503947,2.69467327515524,0.0032205064812037,0.0467223118446231,0.0401667648006344,"RCC1/NUP85/NUP155/NDC1/NUP43/KPNB1/NUP62/NUP107/NUP205/AHCTF1/NUP35/SEC13/NUP37/RANGAP1/RAN/NUP133/SUMO1/NUP93/SEH1L/TNPO1/UBE2I/NUP160/NUP54/NUP58/NUP188",25
"R-HSA-111465","R-HSA-111465","Apoptotic cleavage of cellular proteins","33/7686","37/11214",0.891891891891892,1.30128489144883,2.70933310180293,0.00322900592676181,0.0467223118446231,0.0401667648006344,"CLSPN/LMNB1/ADD1/DSP/SPTAN1/CASP6/TJP1/DSG2/VIM/CASP3/CDH1/BMX/APC/DSG3/SATB1/STK26/PKP1/GSN/CASP8/PTK2/PRKCD/ACIN1/LMNA/ROCK1/FNTA/STK24/DSG1/BCAP31/PLEC/CASP7/GAS2/MAPT/CTNNB1",33
"R-HSA-211733","R-HSA-211733","Regulation of activated PAK-2p34 by proteasome mediated degradation","33/7686","37/11214",0.891891891891892,1.30128489144883,2.70933310180293,0.00322900592676181,0.0467223118446231,0.0401667648006344,"SEM1/PSMD11/PSMB4/PSMD14/PSMC4/PSMA6/PSMB3/PSMA5/PSMB2/PSMD3/PSMB5/PSMC6/PSMD12/PSMA1/PSMD1/PSMD2/PSMD7/PSMA2/ADRM1/PSMC5/PSMA3/PSMC2/UBB/PSMD13/PSMB7/PSMA7/PSMA4/PSMD8/PSMC3/UBC/PSMC1/PSMB6/RPS27A",33
"R-HSA-5083635","R-HSA-5083635","Defective B3GALTL causes PpS","33/7686","37/11214",0.891891891891892,1.30128489144883,2.70933310180293,0.00322900592676181,0.0467223118446231,0.0401667648006344,"THSD1/ADAMTS14/ADAMTS8/ADAMTS1/SEMA5A/THBS2/ADAMTSL3/CFP/ADAMTSL4/SBSPON/ADAMTS12/ADAMTS16/ADAMTS20/ADAMTS15/ADAMTSL5/THSD4/ADAMTS18/ADAMTS4/ADAMTS9/ADAMTS2/THBS1/ADAMTS6/SPON1/ADAMTSL1/ADAMTSL2/ADAMTS13/SPON2/ADAMTS17/SEMA5B/THSD7A/ADAMTS5/THSD7B/ADAMTS3",33
"R-HSA-5387390","R-HSA-5387390","Hh mutants abrogate ligand secretion","40/7686","46/11214",0.869565217391304,1.26870990734141,2.69539057410994,0.00348238795994846,0.04955031196554,0.0425979718883912,"DHH/SEM1/PSMD11/PSMB4/PSMD14/SYVN1/PSMC4/PSMA6/PSMB3/PSMA5/PSMB2/PSMD3/PSMB5/PSMC6/PSMD12/PSMA1/PSMD1/PSMD2/PSMD7/PSMA2/ADRM1/PSMC5/PSMA3/PSMC2/DERL2/UBB/PSMD13/HHAT/PSMB7/PSMA7/PSMA4/IHH/PSMD8/PSMC3/UBC/PSMC1/VCP/ERLEC1/PSMB6/RPS27A",40
"R-HSA-5687128","R-HSA-5687128","MAPK6/MAPK4 signaling","63/7686","76/11214",0.828947368421053,1.20944779982744,2.70411903256149,0.00348400631007703,0.04955031196554,0.0425979718883912,"ETV4/CDK1/IGF2BP1/PAK1/XPO1/SEM1/PSMD11/PSMB4/PSMD14/CDC14A/JUN/MOV10/FOXO3/PSMC4/PSMA6/PSMB3/PSMA5/PSMB2/PSMD3/PSMB5/PSMC6/FOXO1/PSMD12/PSMA1/PSMD1/PAK3/PSMD2/PRKACA/PSMD7/PSMA2/HSPB1/ADRM1/PSMC5/DNAJB1/MAPK6/AGO4/CCND3/MAPK4/MAPKAPK5/PSMA3/PSMC2/UBB/PSMD13/PSMB7/PSMA7/PSMA4/PSMD8/TNRC6A/PSMC3/CDC42/UBC/RAC1/TNRC6C/NCOA3/PSMC1/AGO2/SEPTIN7/KALRN/MYC/CDC42EP5/CDC42EP3/PSMB6/RPS27A",63
